uf,week,pred,lower_95,lower_90,lower_80,lower_50,upper_50,upper_80,upper_90,upper_95,cases,date
AC,1,48,5,7,12,23,94,158,236.04999999999995,314.02499999999986,76,2024-10-06
AC,2,53,6,9,14,28,104,183,265,345.0499999999997,76,2024-10-13
AC,3,65,6,10,16,32,124,207.10000000000014,298,396.17499999999905,88,2024-10-20
AC,4,75,7,12,19,39,145,265,369.04999999999995,500.0749999999996,104,2024-10-27
AC,5,87,8,14,21.900000000000006,42.75,171,314,432.0999999999999,604.0249999999999,97,2024-11-03
AC,6,104,13,18,28,53,194,351,494,664.0249999999999,138,2024-11-10
AC,7,114,12,18,29.900000000000006,59,220,406.10000000000014,577.0999999999999,800.6499999999965,183,2024-11-17
AC,8,128,15,23,35,65,254,429.10000000000014,594.05,773.0499999999997,193,2024-11-24
AC,9,141,16,25,37,74,263,473.10000000000014,676.1999999999998,924.0749999999996,265,2024-12-01
AC,10,152.5,17,28,40,77,300.25,535,766,1050.4999999999973,375,2024-12-08
AC,11,165,20,28,42,83,321.25,556,786.05,1091.0999999999995,419,2024-12-15
AC,12,176,21,30,46,86,337,597.1000000000001,886.5499999999995,1201.1249999999993,436,2024-12-22
AC,13,187,21,30,48,96,358,654.1000000000001,889.3999999999996,1195.6749999999963,505,2024-12-29
AC,14,208.5,22.975,33.95,51.900000000000006,102,393.25,703,958.1499999999999,1435.0499999999997,540,2025-01-05
AC,15,218,27,37,55.900000000000006,114,399.25,718,1067.1499999999999,1445.0499999999997,536,2025-01-12
AC,16,223.5,25,38,58,109,420,747.3000000000004,1037.05,1379,629,2025-01-19
AC,17,224,24.975,37,56,108,407,737.1000000000001,1077.1999999999998,1458.349999999998,664,2025-01-26
AC,18,211,24,35,53,106,376,678.2000000000003,946,1369.0999999999995,670,2025-02-02
AC,19,202,23,32.95,52,102,396.25,671.2000000000003,927.1499999999999,1205,601,2025-02-09
AC,20,181.5,20.975,31,47,92,353,615.3000000000004,836.0999999999999,1066.374999999998,665,2025-02-16
AC,21,159,17,28,43,80,322,550.1000000000001,787.1499999999999,1061.5249999999971,580,2025-02-23
AC,22,142,16.975,24,38,74,270.25,465.5000000000007,693.2999999999997,898.0249999999999,370,2025-03-02
AC,23,133,14,21,34,67,244,441,639.2999999999997,904.3999999999978,382,2025-03-09
AC,24,117,11,19,32,58,229,393,552.05,749.0499999999997,422,2025-03-16
AC,25,106,11,17,26,51,201,361.2000000000003,506.04999999999995,692.174999999999,305,2025-03-23
AC,26,92,11,15,24,49,174,319.2000000000003,456.04999999999995,614.3249999999982,235,2025-03-30
AC,27,83,9,14,21,43,154,274,384.04999999999995,508.02499999999986,179,2025-04-06
AC,28,74.5,7,11,18,36,146.25,277,391.04999999999995,530.1999999999989,215,2025-04-13
AC,29,65,7,11,17,33,128,231.20000000000027,331.2499999999998,414.1249999999993,207,2025-04-20
AC,30,60,6,10,16,32.75,114,199.10000000000014,290.04999999999995,379.1249999999993,207,2025-04-27
AC,31,57,5.975000000000001,9,15,29,109,199,285,399.02499999999986,223,2025-05-04
AC,32,49,4,7,12,25,94,172,245,314.0499999999997,289,2025-05-11
AC,33,43,4.975000000000001,7,12,23,87,155,218.04999999999995,272.17499999999905,247,2025-05-18
AC,34,40,4,6,10,20,76,136.10000000000014,191,272.24999999999864,39,2025-05-25
AL,1,95,10,16,24,47,206,389.2000000000003,631.1999999999998,1082.0749999999996,137,2024-10-06
AL,2,92,9,14,21,44,203,415.2000000000003,646.3499999999997,950.3999999999978,120,2024-10-13
AL,3,88,8,13,21,41,187,404.6000000000008,660.2999999999997,937.2499999999986,100,2024-10-20
AL,4,82,8,12,18,40,182,371.2000000000003,601.1999999999998,921.724999999996,106,2024-10-27
AL,5,74,8,11,18,35,161,342.3000000000004,537,868.2249999999988,90,2024-11-03
AL,6,70,7,10.950000000000003,16,32,142,302.10000000000014,493.1999999999998,877.2999999999984,77,2024-11-10
AL,7,65,6,9,14,30,138,281.10000000000014,454,678.0249999999999,64,2024-11-17
AL,8,59,5,9,13,28,122,269,419,628.174999999999,54,2024-11-24
AL,9,54,5,8,13,25,119,247,372.04999999999995,577.0499999999997,60,2024-12-01
AL,10,52,5,8,13,25,110.25,241.3000000000004,353.49999999999955,539.1499999999992,65,2024-12-08
AL,11,52,6,8,12,25,113,222.10000000000014,376.1999999999998,556.3499999999981,63,2024-12-15
AL,12,52,6,8,12,25,110.25,226.10000000000014,363.2499999999998,530.2249999999988,61,2024-12-22
AL,13,54,5,8,12,26,115,225,369.04999999999995,568.5249999999971,68,2024-12-29
AL,14,56,6,8,14,27,123,246.3000000000004,399.0999999999999,609.174999999999,72,2025-01-05
AL,15,61,6,9,14,28,132,266.2000000000003,462.2999999999997,642.0499999999997,61,2025-01-12
AL,16,69,6,9,15,32,142.25,290.5000000000007,460.14999999999986,686.0999999999995,43,2025-01-19
AL,17,74,7,11,17,35,158.25,306.10000000000014,490.2999999999997,727.1249999999993,59,2025-01-26
AL,18,82.5,9,14,19,40,172,356,606.2999999999997,930.2499999999986,81,2025-02-02
AL,19,90,9,13,22,42,185,387.10000000000014,622.05,960.1249999999993,85,2025-02-09
AL,20,98,10,16.950000000000003,25,47,210,404.3000000000004,641.0999999999999,970.0499999999997,74,2025-02-16
AL,21,107.5,12,17,26,51.75,231,462.3000000000004,760.5999999999995,1103.174999999999,70,2025-02-23
AL,22,117,11,17,26,57,242,500.2000000000003,800.05,1229.374999999998,63,2025-03-02
AL,23,126,13.975000000000001,20,30,58,267,548.2000000000003,812.1999999999998,1130.0499999999943,78,2025-03-09
AL,24,140,15,21,33,63,289,562.5000000000007,929.1499999999999,1264.374999999998,115,2025-03-16
AL,25,147.5,14,23.950000000000003,33.900000000000006,68.75,312,636.1000000000001,983.2499999999998,1541.1249999999993,172,2025-03-23
AL,26,153,17,24,39,72,352,712.2000000000003,1086.1999999999998,1780.749999999996,149,2025-03-30
AL,27,180,18.975,26,41,84,377,788.1000000000001,1227.1999999999998,1840.6249999999966,132,2025-04-06
AL,28,189,19,27.950000000000003,43,87,381,789.2000000000003,1248.2499999999998,1919.7999999999956,147,2025-04-13
AL,29,200,21,32,49,99,429.25,928.1000000000001,1494.3499999999997,2110.075,224,2025-04-20
AL,30,218,24,36,53.900000000000006,103,474.5,977,1601.05,2356.4749999999976,162,2025-04-27
AL,31,241,26,40,60,117,513,1005.6000000000008,1523.6499999999994,2149.05,162,2025-05-04
AL,32,254,27,39,61.900000000000006,118,547.25,1056.1000000000001,1663.2999999999997,2639.5999999999967,145,2025-05-11
AL,33,266,28,42,64,127,557,1185.6000000000008,1787.3999999999996,2738.724999999985,107,2025-05-18
AL,34,284.5,28,43,63,130,591.25,1232.4000000000005,1852.3999999999996,2675.1249999999936,32,2025-05-25
AM,1,61,13,16,23,37.75,102,169,232.04999999999995,312.1249999999993,87,2024-10-06
AM,2,62,13.975000000000001,18,23,37,103,179.10000000000014,256,320.02499999999986,77,2024-10-13
AM,3,63,14,19,24,39,107,182,263,357.02499999999986,92,2024-10-20
AM,4,63,14,19,26,38,108,188,250.14999999999986,319.02499999999986,122,2024-10-27
AM,5,69,14.975000000000001,19,26,42,113,182.10000000000014,268.0999999999999,358,89,2024-11-03
AM,6,71,16.975,20,28,44,118,205,285.04999999999995,378.0749999999996,70,2024-11-10
AM,7,77,18,23,31,48,126,207,283.04999999999995,381.02499999999986,132,2024-11-17
AM,8,81,19,24,33,50,139,217.10000000000014,294,414.3499999999981,96,2024-11-24
AM,9,86,20,26,34,53,141,237,309,426,141,2024-12-01
AM,10,91,23,27,36,55,150.25,246,351.04999999999995,464.1499999999992,128,2024-12-08
AM,11,97,26,33,43,63,156,265,352,475.2249999999988,102,2024-12-15
AM,12,107,25.975,32,42,64,172,279,394.14999999999986,514.1499999999992,108,2024-12-22
AM,13,116,30,37,46,72,186,308,416.04999999999995,551.1249999999993,145,2024-12-29
AM,14,123,34,42,51,78.75,199.25,323,451.2499999999998,624.0499999999997,160,2025-01-05
AM,15,137,36,44.95,56,86,217,349.2000000000003,463.04999999999995,591.0999999999995,170,2025-01-12
AM,16,145,36,48,61,93,230,385,533.0999999999999,730,193,2025-01-19
AM,17,151,41,51,64,96,244,383,537.05,689.2999999999984,173,2025-01-26
AM,18,156.5,38.975,49.95,67,99,254,401.3000000000004,527.05,797.0249999999999,177,2025-02-02
AM,19,166,43,56,69,103,266,419.2000000000003,553.4499999999996,729.1499999999992,219,2025-02-09
AM,20,165.5,43,54.95,70,104,263,419.2000000000003,547.1499999999999,795.0999999999995,199,2025-02-16
AM,21,160,41.95,55,69.9,103,256,427,574.05,745.1249999999993,174,2025-02-23
AM,22,156,41,53,67,99.75,255.25,426.40000000000055,582.05,800.2499999999986,221,2025-03-02
AM,23,153,39,49,63,94.75,239,386.2000000000003,516.1499999999999,679.1249999999993,276,2025-03-09
AM,24,147,39,48.95,62,93,235,370.2000000000003,501.14999999999986,685.0249999999999,200,2025-03-16
AM,25,146,37,46.95,59,88,237,368,492.1999999999998,621.2249999999988,250,2025-03-23
AM,26,132,34,42,55,83,212,355.10000000000014,481.2999999999997,662.0999999999995,281,2025-03-30
AM,27,127,29,37,50,79,202.25,332,439.0999999999999,615.374999999998,242,2025-04-06
AM,28,119,30,37,48,73,190,300.10000000000014,402.0999999999999,546.0249999999999,207,2025-04-13
AM,29,109,26,33,44,69,175,274.10000000000014,392,516.1249999999993,202,2025-04-20
AM,30,104,25,32,40,62,168.25,266,363.04999999999995,489.09999999999945,166,2025-04-27
AM,31,94,21,28,38,58,152,237,311.04999999999995,421.02499999999986,187,2025-05-04
AM,32,85,20,26,34,52,145,224,306,400,154,2025-05-11
AM,33,81,19,24,30,51,135,216.10000000000014,290.04999999999995,397.24999999999864,139,2025-05-18
AM,34,76,18,23,30,47,124,206,267.0999999999999,340.0749999999996,30,2025-05-25
AP,1,8,0,0,1,3,21,56.100000000000136,112,194.02499999999986,74,2024-10-06
AP,2,7,0,0,1,2,20,51.100000000000136,91.09999999999991,168.02499999999986,70,2024-10-13
AP,3,6,0,0,0,2,17,46.100000000000136,91.04999999999995,167.09999999999945,56,2024-10-20
AP,4,6,0,0,0,2,16,43,82.04999999999995,145.12499999999932,56,2024-10-27
AP,5,5,0,0,0,2,14,37.100000000000136,69.04999999999995,139.02499999999986,29,2024-11-03
AP,6,5,0,0,0,1,12,35,68,115.14999999999918,47,2024-11-10
AP,7,4,0,0,0,1,12,31,58,113.09999999999945,31,2024-11-17
AP,8,4,0,0,0,1,11,30,56,115.37499999999795,22,2024-11-24
AP,9,4,0,0,0,1,12,30,59.049999999999955,89,26,2024-12-01
AP,10,4,0,0,0,1,12,32,60,108.02499999999986,21,2024-12-08
AP,11,5,0,0,0,2,14,37,67.04999999999995,144,27,2024-12-15
AP,12,6,0,0,0,2,16,40,75.09999999999991,144.12499999999932,31,2024-12-22
AP,13,7,0,0,1,3,19,54,111.19999999999982,199.04999999999973,47,2024-12-29
AP,14,9,0,0,1,3,24,65,116.24999999999977,204.02499999999986,96,2025-01-05
AP,15,12,0,0,1,4,32,84.10000000000014,154.04999999999995,279.1999999999989,84,2025-01-12
AP,16,14,0,0,1,4,38,105,188.04999999999995,312.02499999999986,110,2025-01-19
AP,17,15,0,1,2,5,41,107,214.34999999999968,403.4749999999974,140,2025-01-26
AP,18,17,0,1,2,6,47.25,129,231.04999999999995,424.1249999999993,132,2025-02-02
AP,19,18,0,1,2,6,47,133,227.04999999999995,460.1499999999992,137,2025-02-09
AP,20,19,0,1,2,7,49.25,127.10000000000014,257,458.4749999999974,146,2025-02-16
AP,21,19,0,1,2,7,51,141.10000000000014,250.29999999999973,429.44999999999754,99,2025-02-23
AP,22,19,0,1,2,6,51,134,265.04999999999995,463.24999999999864,70,2025-03-02
AP,23,18,0,1,2,7,51,136,277.04999999999995,530.0499999999997,70,2025-03-09
AP,24,18,0,1,2,6,46,128.10000000000014,264.14999999999986,477.09999999999945,69,2025-03-16
AP,25,17,0,1,2,6,44,108.10000000000014,234.14999999999986,383.09999999999945,61,2025-03-23
AP,26,17,0,1,2,5.75,41,115.10000000000014,235.04999999999995,385.0499999999997,53,2025-03-30
AP,27,16,0,1,2,6,41,114,218.04999999999995,422.2249999999988,41,2025-04-06
AP,28,14,0,0,2,5,38,105,194.04999999999995,322.02499999999986,55,2025-04-13
AP,29,12,0,0,1,4,34.25,88,176.0999999999999,325.02499999999986,33,2025-04-20
AP,30,12,0,0,1,4,33,83,156,281.2249999999988,32,2025-04-27
AP,31,11,0,0,1,4,31,81.10000000000014,162.29999999999973,308.0749999999996,41,2025-05-04
AP,32,10,0,0,1,3,27,75.10000000000014,135,244.12499999999932,20,2025-05-11
AP,33,9,0,0,1,3,25,68,129.0999999999999,233,8,2025-05-18
AP,34,8,0,0,1,3,23,60,115,235.12499999999932,0,2025-05-25
BA,1,328,91,111,135.9,205,529.25,902.0000000000027,1318.7499999999993,2095.774999999996,278,2024-10-06
BA,2,321,92,109,136,206,537.25,913.4000000000005,1372.1,2040.7749999999903,310,2024-10-13
BA,3,324.5,87.975,109,138,202.75,534.25,933.2000000000003,1358.1,1811.6999999999962,291,2024-10-20
BA,4,321,90,111.95,143,207,526,922.5000000000007,1383.1499999999999,2096.5249999999915,307,2024-10-27
BA,5,326,90.97500000000001,107,139,207.75,536.75,894,1289.5499999999995,1905.4999999999918,331,2024-11-03
BA,6,324,94.97500000000001,115,142,208,530,920.4000000000005,1275.05,1992,306,2024-11-10
BA,7,330.5,96.975,116.9,147,221,564.25,941.8000000000011,1443.8499999999992,2147.249999999998,366,2024-11-17
BA,8,348.5,98.97500000000001,120,150,217.75,557,994,1526.1,2104.075,412,2024-11-24
BA,9,358,107,125,156.9,226,576,948,1517.2999999999997,2281.05,434,2024-12-01
BA,10,379.5,108,133,161,233,617,1037.4000000000005,1557.4999999999995,2313,451,2024-12-08
BA,11,389,107.975,136,174,254,660.25,1101.700000000001,1585.1999999999998,2199.7749999999955,437,2024-12-15
BA,12,445,129,154,190.9,283,736.25,1196.0000000000014,1690.2499999999998,2400.075,365,2024-12-22
BA,13,522.5,158.97500000000002,183.95,231,341,843,1437.3000000000004,2202.049999999999,3135.3999999999924,477,2024-12-29
BA,14,626.5,188,230,284.9,397,980,1646.5000000000007,2443.15,3506.349999999998,589,2025-01-05
BA,15,749,223.95,272,336.9,483.5,1213.25,2023.2000000000003,2968.899999999999,4553.149999999994,683,2025-01-12
BA,16,875,266,325.95000000000005,406.90000000000003,572.5,1417.25,2259.4000000000005,3332.1,4522.15,909,2025-01-19
BA,17,1043,304,366.85,451,663.75,1696.25,2836.7000000000007,4045.6999999999966,5822.4499999999925,821,2025-01-26
BA,18,1206.5,376.925,465.95,566.9000000000001,802,1959,3259.6000000000013,4618.199999999999,7432.374999999976,968,2025-02-02
BA,19,1415,444.95,520,651,925,2287,3815.1000000000004,5370.8499999999985,8155.524999999987,1070,2025-02-09
BA,20,1621,491.95000000000005,579,728,1071.75,2564.25,4050.600000000005,5983.75,8186.9999999999945,1103,2025-02-16
BA,21,1762,518.975,626,811,1179.75,2803.5,4618.700000000001,6400.649999999998,8830.025,924,2025-02-23
BA,22,1854,573.9499999999999,684.8,860.9,1260,3043.75,5204.4000000000005,7295.7999999999975,10650.374999999982,969,2025-03-02
BA,23,2042,638.975,754.9,919.9,1332.75,3229.25,5224.400000000008,7553.3499999999985,10753.324999999999,1177,2025-03-09
BA,24,2035.5,629.85,725.9000000000001,916.9,1386,3328.25,5530.100000000004,7895.149999999996,11186.79999999999,1184,2025-03-16
BA,25,2123,656.9,800.9000000000001,981.7,1428.75,3318,5540.7000000000035,7845.3499999999985,12052.399999999992,1202,2025-03-23
BA,26,2096.5,654.8,781,978.9000000000001,1384,3332,5774.200000000001,8213.599999999995,11847.87499999998,1240,2025-03-30
BA,27,2145,652.825,803.75,999.8,1428.75,3328.25,5712.200000000002,8022.8499999999995,10695.574999999992,1158,2025-04-06
BA,28,2145.5,670.9499999999999,816.9000000000001,995.3000000000001,1416,3387.5,5658.100000000001,8260.299999999996,12732.699999999992,960,2025-04-13
BA,29,2123.5,660.875,776.95,967.7,1375.75,3364,5734.200000000001,8616.15,12469.624999999964,1369,2025-04-20
BA,30,1990,620.825,746.9,936,1327.25,3243.25,5444.500000000002,7930.899999999998,10880.824999999979,1184,2025-04-27
BA,31,1974,596.875,731.8000000000001,912.9,1315.5,3212.5,5326.700000000002,7228.3499999999995,9487.599999999991,1195,2025-05-04
BA,32,1826,547.85,669,840.8,1213.5,2952.5,4640.3,6886.649999999998,10022.124999999998,1047,2025-05-11
BA,33,1695.5,533.85,658.6,817.9,1137,2632,4366.700000000003,6578.4,9334.849999999995,820,2025-05-18
BA,34,1484.5,488.95000000000005,582.9499999999999,705.9,1005,2385.25,4183,5910.25,8156.124999999994,219,2025-05-25
CE,1,136.5,38,46,59,87,219,346.3000000000004,464.14999999999986,678.0499999999997,60,2024-10-06
CE,2,126,35,43.95,55.900000000000006,82,199,334.5000000000007,491,634.0999999999995,64,2024-10-13
CE,3,122.5,34,42.95,54,77,197,310.2000000000003,445,639,61,2024-10-20
CE,4,117.5,33.975,42,52,77,190,315,447,674.2499999999986,37,2024-10-27
CE,5,117,32,38.95,50,74,193.25,322,463.0999999999999,689.9749999999947,46,2024-11-03
CE,6,117,33,41,51,74,182,311,432.0999999999999,586.174999999999,53,2024-11-10
CE,7,115,31,39,50,73,183,295.2000000000003,441.1999999999998,611,83,2024-11-17
CE,8,111,30,36,47,69.75,177,312,450.0999999999999,610.4499999999975,55,2024-11-24
CE,9,106.5,29,36,45,68,171,289.2000000000003,427.1999999999998,605.2249999999988,47,2024-12-01
CE,10,103,28,35,44,65,170,282,389.0999999999999,567.2499999999986,32,2024-12-08
CE,11,100,25,32,41,63,167,278.2000000000003,409,634.0499999999997,45,2024-12-15
CE,12,103,28,34,44,64,169,301.2000000000003,424.1999999999998,571.0749999999996,18,2024-12-22
CE,13,112,33,38,49,72,184,307.3000000000004,475,641.0249999999999,35,2024-12-29
CE,14,133,35,46,58,86,216,373.10000000000014,530.05,708.0499999999997,64,2025-01-05
CE,15,157,44,56.95,70,104,251,429.2000000000003,572.1999999999998,805.1499999999992,78,2025-01-12
CE,16,189.5,56,69,86,124,303,524.1000000000001,726.1499999999999,967.4499999999975,82,2025-01-19
CE,17,232,69,82,105,154,373,605,800.2499999999998,1150.4499999999975,104,2025-01-26
CE,18,281,89.975,108,130,185.75,456,751.1000000000001,1070.5499999999995,1459.9749999999947,72,2025-02-02
CE,19,336,104,123,156,223,532,870.1000000000001,1246.3999999999996,1722.3249999999982,89,2025-02-09
CE,20,402,127,151.95,182,264,637,1045,1466.4499999999996,2002.6499999999965,106,2025-02-16
CE,21,470,142.97500000000002,175.95,220,305,749,1205.3000000000004,1658.2499999999989,2459.3749999999977,78,2025-02-23
CE,22,537,162,206.95000000000002,252,360,878.25,1405.2000000000003,2006.1499999999999,2682,99,2025-03-02
CE,23,604,183,224,277.9,404,962.25,1590,2237.0499999999997,3154.574999999997,166,2025-03-09
CE,24,677,202.9,244.95,302,453.75,1099.25,1803.1000000000015,2525.2,3637.649999999997,196,2025-03-16
CE,25,748,239.975,291.95,353,496.75,1221.25,1970.4000000000005,2695.15,3685.7999999999956,237,2025-03-23
CE,26,843.5,250.9,308,381,550,1337.75,2156.500000000001,3112.25,4195.674999999991,287,2025-03-30
CE,27,925,283.925,346,424.79999999999995,628,1472.25,2442.2000000000016,3237.0499999999997,4533.0999999999995,258,2025-04-06
CE,28,979.5,307.97499999999997,360,450.90000000000003,642,1537,2428.3,3492.0499999999993,4535.074999999999,280,2025-04-13
CE,29,1042,316.9,385.95,485.8,691.75,1660,2630.3000000000015,3674.7499999999973,5478.124999999999,343,2025-04-20
CE,30,1032,326.84999999999997,399,482.90000000000003,676,1640.25,2694.800000000001,3791.3,5125.099999999994,437,2025-04-27
CE,31,1025.5,314.925,392.9,483.9,703,1631.25,2625.400000000002,3822.6999999999994,5379.324999999998,528,2025-05-04
CE,32,1022,314,381,472.6,670,1575.25,2505.1000000000013,3682.6999999999994,4630.0999999999985,529,2025-05-11
CE,33,962,306.95,369.95,453.8,644.75,1548.5,2517.900000000001,3369,4387.599999999986,438,2025-05-18
CE,34,916,299.975,363,440.9,618.5,1429.25,2280.600000000001,3164.249999999999,4572.499999999981,120,2025-05-25
DF,1,93,3,6,12,32,263,659.2000000000003,1212.5999999999995,2027.4749999999974,179,2024-10-06
DF,2,93.5,3,6,12,33,245.25,629.4000000000005,1122.05,2053.349999999998,158,2024-10-13
DF,3,87,2.9750000000000014,6,11,30.75,239,644.3000000000004,1105.6499999999994,2022.0249999999999,203,2024-10-20
DF,4,89,2,6,12,31,250,627.9000000000012,1097.2999999999997,1987.4499999999975,261,2024-10-27
DF,5,92,3,6,12,34,265.25,652,1224.4499999999996,1981.4749999999974,325,2024-11-03
DF,6,98,4,6,13,35,269,687.2000000000003,1309.099999999999,2054.724999999996,323,2024-11-10
DF,7,109,4,7,13.900000000000006,40,304.5,774.9000000000012,1352.05,2402.8249999999903,469,2024-11-17
DF,8,125,4,9,17,42,338,820.1000000000001,1463.8999999999992,2576.274999999993,377,2024-11-24
DF,9,147,5,9,19,51.75,376,1061.1000000000001,1742.1,3158.4499999999925,422,2024-12-01
DF,10,169,6,11,23,60.75,457.5,1071.1000000000029,2071.6999999999994,3829.79999999999,359,2024-12-08
DF,11,193,7,14,25,71,550.25,1357.3000000000004,2439.799999999994,4127.499999999997,335,2024-12-15
DF,12,231.5,8,15,31,81,673,1711.9000000000012,2958.5499999999984,5883.099999999995,287,2024-12-22
DF,13,279.5,11,19.950000000000003,39,102,733.75,1923.700000000001,3361.5999999999995,6342.549999999992,353,2024-12-29
DF,14,341.5,14,23.950000000000003,46.900000000000006,125,947.75,2362.500000000001,4449.499999999995,7474.2249999999995,402,2025-01-05
DF,15,421.5,17,28.950000000000003,54,150,1134.25,2858.000000000001,4906.099999999995,7950.599999999997,344,2025-01-12
DF,16,538,18.975,32.95,67,177,1382.25,3549.8000000000025,6116.649999999997,11463.34999999996,384,2025-01-19
DF,17,592,20,37.95,75,213.75,1574.5,4064.3,7493.699999999999,13213.64999999999,394,2025-01-26
DF,18,701,22,48,93,244,1859,4750.700000000002,7993.0999999999995,13828.974999999995,476,2025-02-02
DF,19,728.5,28.975,48,98,255.75,2002.5,4988.200000000001,9364.549999999996,16047.649999999985,431,2025-02-09
DF,20,770,33.975,54,102,280.75,2189,5273.900000000004,9825.099999999997,16523.94999999998,455,2025-02-16
DF,21,802.5,32.975,61,109.80000000000001,288.75,2187,5652.800000000003,9960.449999999999,17023.724999999824,397,2025-02-23
DF,22,848.5,32,56,114.9,327,2364,5921.800000000001,10078.649999999998,18432.82499999999,355,2025-03-02
DF,23,850.5,32.975,56,109,311,2496,6329.300000000005,10699.799999999996,18698.499999999996,413,2025-03-09
DF,24,897.5,32.975,54,117,310,2492.25,6216.900000000004,11030.14999999999,19919.54999999998,379,2025-03-16
DF,25,946.5,31,56,117,322.75,2534.25,6445.200000000011,11688.75,21380.29999999995,346,2025-03-23
DF,26,949,39.975,68.9,124.9,329,2677.25,6162.100000000004,12200.29999999999,20758.999999999967,291,2025-03-30
DF,27,910,33.975,63,124.9,322,2571.75,6591.4000000000005,11982.199999999993,19619.524999999943,278,2025-04-06
DF,28,894,37.975,71,129,335.75,2586,6469.200000000007,11511.349999999999,19246.79999999998,277,2025-04-13
DF,29,926,34.975,62.95,114,331,2592.25,6682.4000000000015,11171.55,19456.474999999995,352,2025-04-20
DF,30,899,38,63,118,328,2441,6584,11836.749999999995,19510.274999999856,354,2025-04-27
DF,31,913,33,64,124,327,2455,6248.600000000004,11273.399999999998,18440.824999999924,418,2025-05-04
DF,32,836,31,56.95,114,304,2281,5681.1000000000095,9455.699999999997,17822.424999999992,301,2025-05-11
DF,33,792,30,56.900000000000006,111.9,280,2094.5,5511.700000000003,9635.449999999993,16489.47499999998,352,2025-05-18
DF,34,723.5,26,49,98,250,1932.5,4878.4000000000015,8981.399999999994,17612.024999999983,166,2025-05-25
ES,1,228.5,4,7,15,56,1094,5924.700000000012,14127.399999999974,31997.274999999878,516,2024-10-06
ES,2,255,5,8,18,58,1265,6289.100000000014,20096.549999999996,45766.84999999982,649,2024-10-13
ES,3,285,4,9,18,74,1295.75,8136,21376.69999999998,50514.67499999997,748,2024-10-20
ES,4,344.5,6,9,21,77,1452,8240.7,24801.049999999977,52924.39999999993,647,2024-10-27
ES,5,334.5,5,11,22.900000000000006,79,1654,9401.500000000007,27131.449999999993,64943.77499999994,925,2024-11-03
ES,6,378.5,5,10.950000000000003,24,89.75,1966.5,10784.100000000008,32568.84999999999,77661.69999999995,973,2024-11-10
ES,7,430,5,12,26,98,1933.75,11302.000000000007,28179.19999999999,72984.825,1342,2024-11-17
ES,8,437.5,6,13,28,107.75,2226.75,13020.000000000016,37691.69999999999,78344.64999999992,1640,2024-11-24
ES,9,445,8,15,31,111,2316.5,12382.400000000005,40940.79999999999,104049.27499999956,2106,2024-12-01
ES,10,463,6,14,31,111,2578.5,12577.100000000011,36567.64999999999,120442.77499999959,2687,2024-12-08
ES,11,502.5,9,18,32.900000000000006,115.75,2591.25,13250.200000000019,36294.94999999997,87050.375,3252,2024-12-15
ES,12,528.5,9.975000000000001,17,40.900000000000006,143.75,2686.75,15234.900000000001,45507.79999999999,130171.7999999992,2781,2024-12-22
ES,13,581.5,8.975000000000001,16,34.900000000000006,142,2725.25,15396.60000000001,44830.75,102338.449999998,1836,2024-12-29
ES,14,584.5,8.975000000000001,16,40.900000000000006,146,3121.75,15697.500000000018,48043.999999999956,134264.5749999995,1962,2025-01-05
ES,15,683.5,10,20,41.900000000000006,152,3269.75,15957.500000000007,46073.04999999999,108929.84999999955,1982,2025-01-12
ES,16,722,11.975000000000001,21,45,165.75,3343,16825.400000000027,47097.699999999975,115396.69999999872,2053,2025-01-19
ES,17,727.5,12.975000000000001,25,52,178.25,3688.5,19718.90000000001,55468.94999999998,160362.0749999996,1954,2025-01-26
ES,18,842,14.975000000000001,24.950000000000003,56,196,4024.75,18104.900000000016,55436.34999999991,143007.62499999983,1614,2025-02-02
ES,19,891.5,13,24.950000000000003,59,240.75,4550.5,23990.100000000006,65549.84999999999,166325.949999999,1339,2025-02-09
ES,20,958.5,14,26,63,221,4619.75,24124.600000000042,74736.14999999998,147105.34999999966,1430,2025-02-16
ES,21,1015,16,32,69,226.75,4828,24904.400000000023,63237.04999999999,150579.22499999928,978,2025-02-23
ES,22,1085.5,18.975,38,74.9,275.5,4945,26395.900000000005,76205.04999999993,212289.34999999893,909,2025-03-02
ES,23,1039,16,31,67,244.75,5278.5,25387.300000000017,71931.29999999999,166261.39999999994,964,2025-03-09
ES,24,1113.5,17,36,75.9,263.75,5057.75,25519.500000000033,72909.89999999988,170552.64999999804,975,2025-03-16
ES,25,1101,16,30,69,247.75,5237.75,25728.60000000002,82152.54999999996,184463.34999999846,928,2025-03-23
ES,26,1048.5,16,31,63,243.75,5014.75,25064.9,80086.54999999997,169579.72499999963,947,2025-03-30
ES,27,1004,17,33,65.9,245,4802.5,26784.80000000004,70042.74999999996,178221.24999999997,882,2025-04-06
ES,28,927,15,29.950000000000003,62,232,4875.5,23042.90000000003,63789.74999999978,203251.49999999913,922,2025-04-13
ES,29,924,11,24,58,217.25,4439.75,22536.900000000023,63020.24999999994,157016.7999999993,1004,2025-04-20
ES,30,812,15,28,59,203.75,4028,20546.100000000006,53439.75,133414.27499999982,855,2025-04-27
ES,31,738.5,14,26,52,183.75,3607,21252.400000000027,55976.04999999994,127806.67499999996,1087,2025-05-04
ES,32,693.5,9.975000000000001,20,45,167,3539.25,17900.90000000001,53363.14999999993,159593.17499999976,1110,2025-05-11
ES,33,683.5,11,19,43.900000000000006,154.75,3178.5,17217.100000000002,46562.799999999945,114904.1499999992,1191,2025-05-18
ES,34,630,8,17,42.900000000000006,139,3082.75,15125.50000000003,38390.15,101954.72499999942,640,2025-05-25
GO,1,642,284.975,331.95,381,490.75,870,1155.3000000000004,1406.1499999999999,1660.0249999999999,720,2024-10-06
GO,2,652.5,282.95,336.95,389,498.75,876.25,1162.2000000000003,1468.6999999999994,1780.4249999999977,728,2024-10-13
GO,3,677,305,344.95,398.90000000000003,507,900,1223.2000000000003,1531.1499999999999,1892.8749999999952,863,2024-10-20
GO,4,713.5,313.95,356.9,423.8,540,950.25,1284.2000000000003,1567.4499999999996,1928.0499999999997,970,2024-10-27
GO,5,754,321.875,380,433.9,567.5,1028.5,1362.3000000000004,1718.1499999999999,2057.4749999999976,1089,2024-11-03
GO,6,809.5,343.975,404,474,624,1077,1448.2000000000003,1782.6999999999994,2288.199999999999,1219,2024-11-10
GO,7,862,374.95,432.7,504,658,1175,1549.4000000000005,1911,2348.1499999999933,1612,2024-11-17
GO,8,930,422.97499999999997,479.95,551,703.75,1234,1699.700000000001,2066.05,2704.2249999999985,1678,2024-11-24
GO,9,980.5,439.95,500.95,574.9000000000001,747,1319.25,1787.1000000000001,2079.1499999999996,2621.3499999999985,1959,2024-12-01
GO,10,1037.5,456.95000000000005,518.95,612,785,1396,1908,2396.2999999999997,2890.0249999999996,1771,2024-12-08
GO,11,1141.5,513.95,586,670,856.75,1514.5,2051.1000000000004,2565.0499999999997,3110.0249999999996,1595,2024-12-15
GO,12,1307,566,639,744.9,968,1754,2366.2000000000003,3017.1499999999996,3710.199999999999,1540,2024-12-22
GO,13,1568,687.95,780.95,931.9,1204.75,2120,2983.1000000000004,3740.3999999999987,4691.324999999998,1803,2024-12-29
GO,14,1967.5,849.975,996.75,1161.8999999999999,1497,2719.5,3668,4449.049999999999,5777.224999999993,2650,2025-01-05
GO,15,2391,1071.65,1204.9,1419.9,1840,3190.5,4340.500000000001,5510.200000000001,6963.949999999994,2648,2025-01-12
GO,16,2885,1306.975,1495.8000000000002,1716,2201.5,3862,5194.600000000005,6648.1,8310.399999999998,3405,2025-01-19
GO,17,3240,1527.9750000000001,1727,1963.4,2488,4352.75,5990.400000000003,7266.249999999999,9803.949999999979,3880,2025-01-26
GO,18,3712,1662.65,1885.8999999999999,2212.7,2806,4925.5,6682.000000000003,8550.199999999999,10126.474999999986,4075,2025-02-02
GO,19,4044,1762.8,2040.7,2422,3073.75,5422.75,7413.000000000002,9033.5,12446.175,4253,2025-02-09
GO,20,4382.5,1912.85,2123.9500000000003,2563.7999999999997,3260.75,5789.25,7838.200000000001,9708.35,12258.1,4128,2025-02-16
GO,21,4506,1997.8500000000001,2327.55,2684.5,3376,6094.5,8113.2000000000035,10318,12148.92499999999,3612,2025-02-23
GO,22,4791.5,2093,2392.65,2757.6,3595,6402.75,8632.600000000002,10629.099999999999,12938.349999999999,3562,2025-03-02
GO,23,4917.5,2252.925,2541.9500000000003,3009.7000000000003,3760.75,6661.75,8884.5,11104.949999999999,13552.274999999998,3957,2025-03-09
GO,24,4963,2265.825,2602.95,2996.3,3745,6750,9078.200000000004,11360.05,14626.524999999987,3734,2025-03-16
GO,25,5039,2192.725,2598.6,2970.9,3850.75,6836.75,9248.000000000002,11343.099999999984,14877.324999999988,3841,2025-03-23
GO,26,5076.5,2337.475,2638.35,2982.7000000000003,3873.25,6979,9378.100000000002,11594.299999999997,14835.774999999941,4012,2025-03-30
GO,27,5164,2303.85,2637,3089.7,3860.5,6948.75,9296.000000000002,11915.999999999998,14297.724999999959,3753,2025-04-06
GO,28,5081,2283.725,2616.35,3030.8,3896,6806.5,9048.300000000005,11419.1,14579.524999999998,3712,2025-04-13
GO,29,4974,2182.7999999999997,2520,2955,3779,6638,9131.200000000003,11403.949999999997,14192.074999999999,4397,2025-04-20
GO,30,4744.5,2075.975,2329.9500000000003,2791.7,3559,6355,8421.800000000001,10284.749999999996,13123.1,4540,2025-04-27
GO,31,4317.5,1889.8500000000001,2197.05,2547,3248.5,5735.75,7800.1,9810.099999999999,12572.999999999993,4699,2025-05-04
GO,32,3854,1703.8999999999999,1981.9499999999998,2306.7999999999997,2917,5239.5,7189.100000000001,8830.25,11422.899999999983,3747,2025-05-11
GO,33,3429,1509.975,1732,2027.9,2595.5,4674.25,6141.500000000002,7558.349999999994,9858.749999999996,2280,2025-05-18
GO,34,2936.5,1320.875,1492.75,1695.9,2222.75,4050.5,5465.6,6646.0999999999985,7979.299999999994,496,2025-05-25
MA,1,25,3,5,8,14,44,76,110.04999999999995,150.04999999999973,14,2024-10-06
MA,2,24.5,4,6,8,14,43,77.10000000000014,109,150,15,2024-10-13
MA,3,25,3,5,8,14,44,78,111,149.04999999999973,16,2024-10-20
MA,4,25,4,5,8,14,44,75,106,151,25,2024-10-27
MA,5,25,4,6,8,15,43.25,80,109.04999999999995,141.02499999999986,20,2024-11-03
MA,6,26,4,6,9,15,46,78.10000000000014,107,153,24,2024-11-10
MA,7,27,4,6,9,15,47,77,107.04999999999995,161.02499999999986,24,2024-11-17
MA,8,26,4,6,9,15,44,74,112.14999999999986,148,17,2024-11-24
MA,9,27,5,6,9,15,48,80,110,153.0749999999996,15,2024-12-01
MA,10,30,5,7,10,17,50,79,117.04999999999995,155.02499999999986,22,2024-12-08
MA,11,33,6,8,11,19,55.25,93,132.04999999999995,175,9,2024-12-15
MA,12,42,8,10,14,23,70,117,160,219.04999999999973,12,2024-12-22
MA,13,54,10,14,19,33,90,152,198.04999999999995,289.0749999999996,23,2024-12-29
MA,14,76,14,20,27,44,126,207,285.04999999999995,358,41,2025-01-05
MA,15,101,20,26,37,59,170,268.10000000000014,374.04999999999995,540,69,2025-01-12
MA,16,132,26,34,48,78,214.25,345.2000000000003,487.2999999999997,669.0249999999999,90,2025-01-19
MA,17,160.5,32,44,58,93.75,276,457,636.1499999999999,854.174999999999,123,2025-01-26
MA,18,199.5,40,55,72,121,322.25,524,741,926.0249999999999,168,2025-02-02
MA,19,228,48,62,87,136,387,626.2000000000003,827.2999999999997,1069.0999999999995,209,2025-02-09
MA,20,253.5,52.975,70,94,156,429,697.1000000000001,978.1999999999998,1320.0749999999996,333,2025-02-16
MA,21,272,55,74,103.9,168,442.5,740,1025.05,1396,207,2025-02-23
MA,22,276,62,79,105,163.75,478,761.1000000000001,1032.4499999999996,1482.2499999999986,212,2025-03-02
MA,23,276.5,58,79,104,166,466,803.1000000000001,1063.1499999999999,1363.0999999999995,304,2025-03-09
MA,24,282,54,70.95,96,159.75,453,742.2000000000003,975.3499999999997,1331.374999999998,374,2025-03-16
MA,25,262.5,58.95,76.95,101,154,429,707.0000000000014,922.1499999999999,1293.3249999999982,335,2025-03-23
MA,26,257,50,68.95,95,155,430.25,687.2000000000003,982.0999999999999,1385.1249999999993,343,2025-03-30
MA,27,254.5,52,70.95,95,152,420,663.5000000000007,943.0999999999999,1281.749999999996,250,2025-04-06
MA,28,238.5,43.975,63.95,91,145,405,678.2000000000003,946.2999999999997,1235.349999999998,179,2025-04-13
MA,29,216.5,42,58,82,132,377,620.4000000000005,895.05,1230.2249999999988,273,2025-04-20
MA,30,204,39.975,56,75,119,336.25,555.2000000000003,727,991,315,2025-04-27
MA,31,184.5,34,48,66,107,301.25,481.10000000000014,692.2499999999998,925.3249999999982,331,2025-05-04
MA,32,156,32,42,58,95,265,449,606.3499999999997,856.1999999999989,199,2025-05-11
MA,33,141,29,39,51.900000000000006,82,230,373.2000000000003,503.04999999999995,642.1499999999992,107,2025-05-18
MA,34,124,25,32,45,72,201,331.10000000000014,459.0999999999999,632.174999999999,10,2025-05-25
MG,1,682,213,259,305,443,1183,2234,3693.8999999999983,6421.2999999999765,852,2024-10-06
MG,2,688,209.95,256.9,312.79999999999995,443.75,1193.5,2502.600000000001,3954.2,7508.124999999977,842,2024-10-13
MG,3,717,228,265.9,334.90000000000003,463.75,1313.5,2519.300000000003,4522.049999999995,7433.499999999986,1011,2024-10-20
MG,4,763.5,235.975,278.95000000000005,351.9,498,1277.5,2582.500000000002,4266.15,6994.249999999987,1130,2024-10-27
MG,5,832,255,306.8,366,534,1450,2772.4000000000024,4694.049999999999,7786.274999999955,1339,2024-11-03
MG,6,919.5,278,328.85,410.90000000000003,592.75,1525,3003.500000000001,5150.849999999995,9252.274999999994,1539,2024-11-10
MG,7,1038.5,322.85,377,464,646,1750.5,3411.2000000000016,5352.749999999995,9399.949999999973,2002,2024-11-17
MG,8,1146.5,346.95,413.95000000000005,515.9,725.5,1925.5,3539.4000000000005,5884.949999999999,9281.099999999977,2223,2024-11-24
MG,9,1299.5,412,477,571.9,813,2238.25,4474.500000000001,7488.15,12397.324999999964,2462,2024-12-01
MG,10,1438.5,437.95000000000005,521.9499999999999,640.9,937,2495.25,4700.1,8069.099999999997,12676.499999999894,2613,2024-12-08
MG,11,1769.5,550.975,641.9499999999999,794.9000000000001,1132.5,3011.5,5707.200000000001,9043.8,14786.62499999999,2297,2024-12-15
MG,12,2038,665.825,763.9000000000001,961.6999999999999,1324,3599.25,7009.6,10567.55,20113.64999999993,1788,2024-12-22
MG,13,2583.5,803,951.95,1172.5,1678.75,4438.25,7894.100000000007,12850.4,22192.874999999905,2635,2024-12-29
MG,14,3314,1021.9,1219.8999999999999,1477.8000000000002,2124.75,5695,10314.700000000006,17831.499999999993,25349.449999999983,3752,2025-01-05
MG,15,4107,1304.875,1521.9,1843.3999999999999,2630,6895.75,12367.000000000005,20318.54999999998,33264.54999999976,4881,2025-01-12
MG,16,5052.5,1614.925,1891.95,2291.7999999999997,3185.75,8182,15205.1,24162.04999999998,36047.62499999982,6260,2025-01-19
MG,17,5923.5,2006.9499999999998,2302.9,2750,3907,10000,18562.80000000002,31322.149999999994,50068.67499999999,6651,2025-01-26
MG,18,6902,2364.625,2749.95,3329.9,4567.25,11106.25,22700.500000000004,36526.84999999999,61922.24999999998,7524,2025-02-02
MG,19,8321.5,2732.95,3128.9,3892.3,5463.5,13464.5,26368.50000000002,39200.299999999996,59863.82499999975,8539,2025-02-09
MG,20,9350.5,2998.875,3375.8500000000004,4280.4,5974.25,15601.25,29179.500000000007,48330.79999999997,82074.62499999971,9394,2025-02-16
MG,21,10126,3266.4750000000004,3872.5499999999997,4676.6,6487.75,16922,32262.70000000001,52084.94999999999,82635.47499999987,7792,2025-02-23
MG,22,11106,3603.9,4225.5,5141.8,7070.75,18502.5,34987.2,53258.29999999998,92340.54999999999,8021,2025-03-02
MG,23,11560,3671.65,4490.4,5382,7507.5,20087.25,37916.400000000045,62355.14999999997,96736.17499999999,9433,2025-03-09
MG,24,12295,4017.7999999999997,4649.8,5535,7929.25,20758,39588.40000000004,56715.399999999994,88014.57499999959,9635,2025-03-16
MG,25,12668,4061.95,4689.950000000001,5738.799999999999,8212.75,21036.25,40824.70000000005,70768.29999999997,115903.77499999944,9621,2025-03-23
MG,26,13429,4402.700000000001,5067.799999999999,5977.1,8398.75,22062,43101.60000000003,70298.25,108114.74999999898,9456,2025-03-30
MG,27,12945,4054,4759.3,5651.6,8227.75,22296.25,40654.9,65572.95,107638.8999999996,8716,2025-04-06
MG,28,12228.5,3962.95,4796.549999999999,5695.9000000000005,8077,20757.75,38477.30000000002,63003.9,112887.84999999996,7362,2025-04-13
MG,29,11829.5,3845.875,4424.95,5451.4,7540.25,19960,37687.8,60836.35,98121.37499999991,9002,2025-04-20
MG,30,10920,3557.6000000000004,4092.8,4936.700000000001,6946.75,18416,33139.40000000003,52394.74999999999,79920.575,7973,2025-04-27
MG,31,9117,3184.925,3521.85,4157.6,6001.75,15894.25,27745.10000000003,44521.2,73894.27499999988,7786,2025-05-04
MG,32,7918,2381.475,2915.9,3615.3,5138.5,13423.25,23281.100000000002,34797.89999999999,58761.64999999942,6129,2025-05-11
MG,33,6292.5,2031.775,2383.95,2870.5,3944,10567.25,19773.700000000004,30263.649999999987,46205.59999999987,3757,2025-05-18
MG,34,4893.5,1605.9499999999998,1816,2231.5,3127.75,8023.25,14845.200000000006,22342.849999999995,36561.64999999996,846,2025-05-25
MS,1,97,15,20,29,52,196,421,612,916.2499999999986,31,2024-10-06
MS,2,114,19,23,33,57,229.25,500.10000000000014,838.05,1334.0999999999995,26,2024-10-13
MS,3,128.5,20,27,39,68,259.25,515,792.0999999999999,1310.6749999999963,28,2024-10-20
MS,4,143,20,28,40.900000000000006,73,275.25,572.2000000000003,961.1499999999999,1464.4499999999975,36,2024-10-27
MS,5,167,28,37,47,87.75,335.25,687.1000000000001,1041.2499999999998,1615.374999999998,41,2024-11-03
MS,6,191,28,39,55,101,385,814.5000000000007,1290.5499999999995,1957.1249999999993,31,2024-11-10
MS,7,222.5,35,45,63,112,442.5,905.1000000000001,1565.1499999999999,2255.7249999999904,41,2024-11-17
MS,8,243,37,49.95,66,123,496.25,1109.0000000000014,1771,2699.9999999999945,35,2024-11-24
MS,9,271.5,37,50,72,136,541.5,1114.4000000000005,1810.7499999999993,2685.1749999999993,39,2024-12-01
MS,10,302.5,40,56,83,151.75,614.25,1178.4000000000005,2142.5999999999995,3271.4249999999975,70,2024-12-08
MS,11,320.5,48.975,67.95,98,168,664,1379.400000000002,2296.1499999999996,3851.9749999999945,56,2024-12-15
MS,12,351,54,70,102,181,743,1639.5000000000007,2516.25,3929.399999999987,92,2024-12-22
MS,13,424,64.975,84,116,217,900,1793.1000000000015,2899.199999999999,4168.649999999996,137,2024-12-29
MS,14,500,75,102,142,259,1000.25,2346.600000000001,3473.149999999997,5340.549999999981,206,2025-01-05
MS,15,578,83,117.95,170.9,296,1165.5,2561.1,3967.699999999997,6388.67499999999,255,2025-01-12
MS,16,639,105,140.95,198.9,343.75,1316.25,2686.500000000001,4356.949999999999,6925.249999999993,278,2025-01-19
MS,17,742,118.97500000000001,160.89999999999998,228,381,1473.25,3111.3000000000006,4959.65,7765.774999999996,340,2025-01-26
MS,18,803.5,143,180.89999999999998,247.8,422.75,1667.25,3415.4000000000046,5534.499999999998,8917.02499999995,347,2025-02-02
MS,19,883.5,160,196,269,462.75,1714,3611.300000000002,5968.4,9148.82499999999,416,2025-02-09
MS,20,922.5,145,192.85,264,488,1885.75,4035.500000000003,6455.199999999998,9688.04999999994,445,2025-02-16
MS,21,975,163.95,211,302,493,2014.5,4103.100000000001,6827.999999999997,10831.974999999984,491,2025-02-23
MS,22,1002.5,156.975,207.9,291.70000000000005,522,2029.75,4182.600000000008,6609.499999999999,9791.049999999994,592,2025-03-02
MS,23,1023.5,155.975,212,295,517,2066.25,4271.800000000003,6978.249999999998,11358.324999999992,631,2025-03-09
MS,24,1043,164.925,220.89999999999998,306.90000000000003,523.75,2086.25,4430.4000000000005,6530.0999999999995,10453.124999999989,823,2025-03-16
MS,25,1045.5,146.85000000000002,205,288.9,517.75,2008,4034.800000000002,7139.5999999999995,11112.849999999995,809,2025-03-23
MS,26,1001.5,159.975,219.70000000000002,303,522.75,2046.75,4269.700000000004,6582.899999999998,11205.349999999993,717,2025-03-30
MS,27,921,154.925,194.95000000000002,274.9,475,1933.75,4208.200000000001,6641.2,11166.524999999996,774,2025-04-06
MS,28,925.5,137,184.95,255.9,477,1872,3768,5820.599999999997,9084.949999999973,802,2025-04-13
MS,29,824.5,117,161.85000000000002,221,426.75,1705.5,3355.500000000002,5806.35,8706.224999999999,940,2025-04-20
MS,30,766.5,111.92500000000001,150.95000000000002,212.9,381.75,1551.5,3227.800000000001,5174.45,7800.199999999988,874,2025-04-27
MS,31,650,95.95,131.95,178,340.75,1308,2691.0000000000027,4056.45,5965.399999999998,1070,2025-05-04
MS,32,543.5,77.95,102,147,275.75,1118.5,2265.1000000000004,3372.999999999999,4842.5499999999975,1209,2025-05-11
MS,33,461,63,84,122,225,915.25,1931.6000000000022,3231.399999999997,4776.824999999995,1394,2025-05-18
MS,34,375.5,57,77,105.9,187,776.25,1546.1000000000042,2444.5499999999993,3866.724999999991,410,2025-05-25
MT,1,107,35,42,51,71.75,165,239,320.1999999999998,439.09999999999945,80,2024-10-06
MT,2,113,37,46,56,77,169.25,264.10000000000014,362,494.0499999999997,94,2024-10-13
MT,3,133,42,52,62,88,196,305,407.14999999999986,555.0749999999996,100,2024-10-20
MT,4,150,48,58,71,100,231,362,504.14999999999986,644.174999999999,113,2024-10-27
MT,5,172,55,65,80,111,269,418,555.05,734.0749999999996,132,2024-11-03
MT,6,199,67,79,95,134.75,315,486,673.0999999999999,868.8749999999952,173,2024-11-10
MT,7,235.5,71,85.95,107,155.75,361.25,581.5000000000007,799,1046.1249999999993,226,2024-11-17
MT,8,260.5,84.975,100.95,123.9,174.75,404,646.2000000000003,888.1499999999999,1148.0749999999996,305,2024-11-24
MT,9,290.5,94.97500000000001,114,137,188,456,700.4000000000005,943.2999999999997,1314.2249999999988,455,2024-12-01
MT,10,314,103,123.95,149.9,208,487.5,793.1000000000001,1093.05,1453.0999999999995,555,2024-12-08
MT,11,353,119.95,141,163,236,551.25,862,1115.4499999999996,1446.0249999999999,641,2024-12-15
MT,12,401.5,129.95,157.95,189,264,602.25,916.1000000000001,1226.05,1617.0749999999996,648,2024-12-22
MT,13,448,142.97500000000002,177.95,216,301,685.25,1097.1000000000001,1548.5499999999995,2072.1249999999936,1007,2024-12-29
MT,14,526,173.97500000000002,215,254,357,794.25,1220.4000000000005,1707.7999999999993,2260.2249999999985,1612,2025-01-05
MT,15,611.5,198.95000000000002,236,290,418,914.25,1436,1919.1999999999998,2523.174999999999,2060,2025-01-12
MT,16,668,231,270,324,463,1009,1543.4000000000005,2142.05,2885.1749999999993,2198,2025-01-19
MT,17,733.5,246.85000000000002,294.8,360,501.75,1116,1721.700000000001,2291.05,3438.2749999999987,1991,2025-01-26
MT,18,798.5,279,321,392,544.75,1225.25,1874.2000000000003,2451.05,3252.374999999998,1810,2025-02-02
MT,19,823.5,281,336,414.90000000000003,564.75,1243,1985.6000000000008,2684.45,3432.374999999998,1768,2025-02-09
MT,20,825.5,291,337.95,407.9,569.75,1276,1983.700000000001,2693.8999999999987,3479.3749999999977,1651,2025-02-16
MT,21,832,279.975,331,412.9,570,1267.25,1972.3000000000004,2546.2,3256.8999999999787,1138,2025-02-23
MT,22,822.5,292.975,343,405.9,555.75,1274,1928.4000000000005,2516.1499999999996,3219.524999999997,1146,2025-03-02
MT,23,791,273.925,328.95,404,556.75,1198.25,1845.6000000000008,2407.15,3176.724999999996,1116,2025-03-09
MT,24,790,282,321,399.9,547,1210,1899.4000000000005,2549.2,3362.549999999997,1014,2025-03-16
MT,25,806.5,282.95,328,391,545.75,1214,1852,2553.5499999999993,3343.3249999999925,1043,2025-03-23
MT,26,815,268.925,321,388.9,550.75,1218,1817.5000000000007,2494.9999999999973,3675.4249999999975,992,2025-03-30
MT,27,782.5,288,331,403.70000000000005,553.75,1165,1835.800000000001,2414.7999999999993,3190.3749999999927,1240,2025-04-06
MT,28,777,262.97499999999997,320.95,389,531.75,1193.25,1774.4000000000005,2352.6499999999996,3177.3499999999926,1071,2025-04-13
MT,29,771,246,296.95,352.9,515,1177,1814.1000000000001,2388.149999999999,3399.249999999993,1253,2025-04-20
MT,30,737,259,296,350.90000000000003,492,1135.5,1762,2349.699999999999,3008.0499999999997,1142,2025-04-27
MT,31,678,236,273.95,322,454,1079.75,1639.700000000001,2184.05,2827.3499999999976,1356,2025-05-04
MT,32,643.5,219.975,256,313.9,434,989.25,1498.9000000000012,2029.2499999999998,2528.899999999995,1427,2025-05-11
MT,33,580.5,189,222,276.9,384.75,874,1382.1000000000001,1936.6999999999994,2532.574999999991,1212,2025-05-18
MT,34,494.5,163.975,193,240,335,778,1293,1666,2062.349999999998,271,2025-05-25
PA,1,51,14.975000000000001,18,23,34,74,108.10000000000014,139,176.02499999999986,83,2024-10-06
PA,2,50,14,18,23,34,78,111,139.0999999999999,179.02499999999986,102,2024-10-13
PA,3,52,16,20,24,35,77,114.10000000000014,147,176.12499999999932,114,2024-10-20
PA,4,55,16,20,25,36,81,117.10000000000014,156,191,122,2024-10-27
PA,5,58,18.975,22,27,40,87,126,162,198,138,2024-11-03
PA,6,65,19,24,30,44,97,137,175.04999999999995,217.04999999999973,157,2024-11-10
PA,7,68,20,27,33,47,102,147,196.04999999999995,239,194,2024-11-17
PA,8,76,22,27,35,51,112,159.10000000000014,212,280.02499999999986,150,2024-11-24
PA,9,78,23.975,29,35,52,116,173,222.04999999999995,271,185,2024-12-01
PA,10,80,23,28,36,53,118,172,211.19999999999982,266.09999999999945,195,2024-12-08
PA,11,82,25,30,38,56,122,176.10000000000014,233.04999999999995,294.24999999999864,206,2024-12-15
PA,12,93.5,28.975,35.95,43.900000000000006,65,140,205.10000000000014,261,322.0499999999997,181,2024-12-22
PA,13,117.5,36,45,54,78,172,245,316.0999999999999,390,289,2024-12-29
PA,14,143,45.975,53,71,98,210.25,310,378.1999999999998,493.1499999999992,491,2025-01-05
PA,15,188,58,70.95,91,124,272.25,384.10000000000014,480.04999999999995,594.0999999999995,678,2025-01-12
PA,16,226.5,72,88,107,155,335,486,618.0999999999999,806.2499999999986,682,2025-01-19
PA,17,250,81.975,96,121,168,380,547,696.05,902.2499999999986,755,2025-01-26
PA,18,277,84,104,130.9,189,403.25,582.1000000000001,786.3999999999996,976.2999999999984,862,2025-02-02
PA,19,289.5,88,110.95,138,199,422,609,783.05,994.5749999999969,930,2025-02-09
PA,20,279.5,92,113,139,197,423,609.1000000000001,780.2499999999998,1029.749999999996,782,2025-02-16
PA,21,291,92.975,106,137.9,199,415,619,764.05,1009.0249999999999,681,2025-02-23
PA,22,284,91,114.95,137,197,417.25,636,825.1999999999998,1023.0499999999997,684,2025-03-02
PA,23,277,93,109,135,189.75,408.25,579.1000000000001,741.05,945.0499999999997,674,2025-03-09
PA,24,261,80,102.95,128,175,380,546.1000000000001,726,919.1249999999993,681,2025-03-16
PA,25,246.5,78,94,119,168,361,505,630.0999999999999,787,634,2025-03-23
PA,26,235,77.975,95,116,160,343,488,628.1999999999998,809.174999999999,617,2025-03-30
PA,27,214.5,70,85,106,146,318,449.10000000000014,571.1999999999998,699.0999999999995,555,2025-04-06
PA,28,205,69.975,81,99.9,140,299.25,439,557.0999999999999,728.0999999999995,522,2025-04-13
PA,29,190,58.975,74.95,93,130,281.25,405,519,654.2749999999985,604,2025-04-20
PA,30,180,62,73,90,125,265,393.10000000000014,506.0999999999999,655.0999999999995,557,2025-04-27
PA,31,162,53,65,80.9,112,238,358.2000000000003,455,566.1249999999993,575,2025-05-04
PA,32,148,47,56,69,100,216,306,389.14999999999986,490.09999999999945,454,2025-05-11
PA,33,128.5,38.975,48,60,89,187,263,332.0999999999999,423.0499999999997,258,2025-05-18
PA,34,113,37,44,54,78,164,239,301.0999999999999,384.1999999999989,37,2025-05-25
PB,1,121,24.975,32,44,70,200.25,324.10000000000014,441,591.0499999999997,118,2024-10-06
PB,2,114,21,29,40,65,190,296,388.1999999999998,522.2249999999988,114,2024-10-13
PB,3,98,22,29,38,60,167,260,365.1999999999998,484.2749999999985,139,2024-10-20
PB,4,95,19,25,33,55,164,260,339.2999999999997,459.02499999999986,125,2024-10-27
PB,5,92.5,19,24,33,54,152,250.10000000000014,324.04999999999995,416.2249999999988,111,2024-11-03
PB,6,86,17,23,30,52,144,229.10000000000014,314.0999999999999,421.02499999999986,109,2024-11-10
PB,7,82,18,23,30,50,135,217,282,362.17499999999905,128,2024-11-17
PB,8,82,16,21,29,47,136,218,292,388.09999999999945,111,2024-11-24
PB,9,81,17,22,29,48,137,213,298,418.2249999999988,126,2024-12-01
PB,10,82,17.975,22,29,48,133,207.10000000000014,290,386.0749999999996,135,2024-12-08
PB,11,83,16,23,31,50,139,221.10000000000014,295.0999999999999,415.02499999999986,100,2024-12-15
PB,12,85,19,25,32,51,144.25,232,306.0999999999999,389,105,2024-12-22
PB,13,94,19,25,33,55,155,248,355.04999999999995,479.3499999999981,92,2024-12-29
PB,14,106,24,30,40,66,173.25,272,365.04999999999995,513,100,2025-01-05
PB,15,120,25,34,46,74,208.25,324.2000000000003,440.0999999999999,593.1999999999989,143,2025-01-12
PB,16,144,32,41,54,88,232.25,374,490.04999999999995,595.0249999999999,190,2025-01-19
PB,17,166,38.975,47,64,101.75,271,422.2000000000003,597.05,793.0999999999995,175,2025-01-26
PB,18,196,42,56,74,119.75,317.25,509.2000000000003,689.3999999999996,917.1999999999989,211,2025-02-02
PB,19,235.5,54,66,89,140,382.25,614.2000000000003,808.0999999999999,1102.7749999999958,300,2025-02-09
PB,20,275.5,64,79,101,162,439.25,743,1033,1361.0499999999997,360,2025-02-16
PB,21,300,60,81.95,113,177,501,785.1000000000001,1031.4999999999995,1381.2999999999984,161,2025-02-23
PB,22,331,76,95,129,197,553,872.2000000000003,1192,1579.2499999999986,173,2025-03-02
PB,23,371,80,108,143.9,225,613.25,976.6000000000008,1326.1,1718,223,2025-03-09
PB,24,397,87.975,114,152,241,661.5,1042.5000000000007,1452.05,1925.174999999999,199,2025-03-16
PB,25,414,90.97500000000001,119.95,156.9,249,685.25,1059.1000000000001,1479.3499999999997,2172.2249999999985,199,2025-03-23
PB,26,423,84,117.95,157,251,705.25,1125.1000000000001,1426.1999999999998,2068.2249999999985,219,2025-03-30
PB,27,454,111,138.90000000000003,175,268,747,1175.4000000000005,1638.1,2161.075,248,2025-04-06
PB,28,464,101.975,131.95,174,273,764,1215.3000000000004,1667.8499999999983,2242.4249999999975,271,2025-04-13
PB,29,480.5,98,128,180,282,780.25,1233.800000000001,1653.3499999999997,2250.399999999998,311,2025-04-20
PB,30,495,109,146.95000000000002,190,294,807.5,1324.1000000000001,1813.3499999999997,2474.199999999999,246,2025-04-27
PB,31,482.5,107,136.89999999999998,181,296,767.5,1196.5000000000007,1660.1499999999999,2358.524999999997,261,2025-05-04
PB,32,472.5,112,139.95,190,294,803.25,1258.1000000000001,1676.05,2198.324999999998,210,2025-05-11
PB,33,478.5,100.975,133,178,293.75,778.25,1243.0000000000014,1730.7499999999993,2312.1749999999884,234,2025-05-18
PB,34,465.5,99.975,130,176,283,763.25,1164.2000000000003,1623.1999999999998,2010.4499999999975,139,2025-05-25
PE,1,288,48.95,64.95,89.9,157,517,921.2000000000003,1388.3999999999996,2118.9999999999945,231,2024-10-06
PE,2,275,53.975,67.95,89,157,499,930.4000000000005,1333.999999999999,2159.874999999995,240,2024-10-13
PE,3,264.5,45,61,92,150,491,881.1000000000001,1277.2499999999998,1943.7749999999958,247,2024-10-20
PE,4,256,45,60,87,150,483,942,1350.1,1858.0249999999944,245,2024-10-27
PE,5,253,44,56,82.9,141,472,808.2000000000003,1311.049999999999,1913.5249999999971,255,2024-11-03
PE,6,250,42,57,81,139,456,832.1000000000001,1205.05,1699.0499999999997,229,2024-11-10
PE,7,241,45,58,77,135,425,761.4000000000005,1180.2499999999998,1705.174999999999,264,2024-11-17
PE,8,232.5,41,55,75,129,432,780.1000000000001,1104.4999999999995,1709.1499999999992,282,2024-11-24
PE,9,233,44.975,58,79,130,428.25,709.3000000000004,1022.0999999999999,1587.3249999999982,209,2024-12-01
PE,10,224,41.975,55.95,73,128,401,721,1077.1999999999998,1578.2499999999986,239,2024-12-08
PE,11,218,41,53.95,71,124,388,701.1000000000001,1034.2499999999998,1462.0249999999999,259,2024-12-15
PE,12,222.5,37.975,50,71.9,123,412.25,730.1000000000001,1080.7999999999993,1611.3249999999982,206,2024-12-22
PE,13,225.5,39,51,72.9,126,385.25,754.4000000000005,1136,1548.2749999999985,215,2024-12-29
PE,14,232,44,56,75,130,412,756.1000000000001,1136.2999999999997,1539.724999999996,253,2025-01-05
PE,15,248,40.975,57,79.9,137,455,800,1217.8999999999992,1867.0249999999944,237,2025-01-12
PE,16,272,43,62,88,156,484.25,899.1000000000001,1363.2999999999997,2045.0249999999999,254,2025-01-19
PE,17,305,50.975,74.95,102.9,170,546.75,1021.1000000000001,1390.05,2075.299999999993,279,2025-01-26
PE,18,335.5,59.975,83.95,114,192,583,1120.6000000000008,1720.2999999999997,2533.8999999999896,364,2025-02-02
PE,19,369.5,70,93.95,124,208,656.25,1203,1780.1499999999999,2555.474999999997,394,2025-02-09
PE,20,403,78.97500000000001,104,141.9,232,739,1332.5000000000007,1911.05,2879.0249999999996,475,2025-02-16
PE,21,455,81,115,153,261,848.5,1453,2181.0999999999995,3147.2249999999985,339,2025-02-23
PE,22,501,92.94999999999999,120.95,162,277,895,1559.1000000000001,2314.7999999999993,3559.9749999999945,354,2025-03-02
PE,23,541.5,98.97500000000001,128,177.9,302,933,1713,2527.8499999999995,3272.0499999999997,530,2025-03-09
PE,24,582.5,108,140,201.9,334,1029.75,1894,2941.699999999999,4371.849999999985,608,2025-03-16
PE,25,608,114.97500000000001,154.95000000000002,211,363,1126,1955.1000000000001,2995.7999999999993,4116.449999999997,673,2025-03-23
PE,26,658,128,171,235,384,1182.25,2046.1000000000001,3281.7999999999984,4671.524999999997,839,2025-03-30
PE,27,671,123,160.95,229,385,1217.25,2195.800000000001,3265.0499999999993,4605.524999999998,860,2025-04-06
PE,28,718,140.975,193,257,409,1310.25,2276.0000000000014,3257.749999999999,4614.124999999988,838,2025-04-13
PE,29,756.5,155.95,205,265,432.75,1334.5,2341.1,3326.749999999999,4698.374999999993,831,2025-04-20
PE,30,765.5,144.925,186.85000000000002,258.8,439.75,1356.75,2405.6000000000004,3530.05,5097.049999999994,652,2025-04-27
PE,31,777,159,208.95,280.9,448,1355,2314.2000000000003,3245.5499999999993,4732.199999999988,691,2025-05-04
PE,32,774.5,153,193,277.70000000000005,472.75,1327,2346.2000000000003,3646.25,4930.324999999982,556,2025-05-11
PE,33,743.5,148.95,202,277,436.75,1358.25,2396.9000000000015,3536.25,5215.299999999992,401,2025-05-18
PE,34,708,148,188.95,246,417,1278.25,2229.4000000000005,3414.3499999999995,4722.174999999988,123,2025-05-25
PI,1,19,4,5,7,11,33,55,78.04999999999995,102,37,2024-10-06
PI,2,18,3,5,7,11,31,51,70.04999999999995,92.02499999999986,43,2024-10-13
PI,3,17,3,4,6,10,29,48,63,89.02499999999986,36,2024-10-20
PI,4,17,3,4,6,10,29,48,64.04999999999995,82.02499999999986,26,2024-10-27
PI,5,18,3,4,6,10,29,48,64.04999999999995,82.02499999999986,32,2024-11-03
PI,6,18,3,4,6,11,31,52,72.04999999999995,92,33,2024-11-10
PI,7,19,3,5,7,11,32,50.100000000000136,71,93,29,2024-11-17
PI,8,20,3,5,7,11,34,56,74.04999999999995,100.02499999999986,46,2024-11-24
PI,9,20,3,5,7,11,35,62,84,116.02499999999986,25,2024-12-01
PI,10,22,4,5,7,13,38,64,84,113,38,2024-12-08
PI,11,25,4,6,8,14,44,72,95.04999999999995,120.02499999999986,26,2024-12-15
PI,12,29,6,7,10,17,48,81,111,135,24,2024-12-22
PI,13,34,7,9,13,20,59,95,128,169.02499999999986,40,2024-12-29
PI,14,42,10,12,16,25,71,116,154,206.0749999999996,71,2025-01-05
PI,15,54,12,15,21,32.75,89,147.10000000000014,198,264.0749999999996,103,2025-01-12
PI,16,66.5,14,19,26,41,109,176,229.04999999999995,313,130,2025-01-19
PI,17,83,20,25,33,51,132,200.10000000000014,268,338,144,2025-01-26
PI,18,95,23,30,40,59.75,154.25,249,337.04999999999995,432.3249999999982,172,2025-02-02
PI,19,117,30,39,49,74,192,293,381.14999999999986,546.2499999999986,230,2025-02-09
PI,20,135,36,43,55,84,220.25,346,466.04999999999995,602.0499999999997,236,2025-02-16
PI,21,159.5,42,54,69,102,254,404.10000000000014,529.2499999999998,690.1249999999993,234,2025-02-23
PI,22,187,51,63.95,81,118,299,470.2000000000003,672.5999999999995,940.0499999999997,255,2025-03-02
PI,23,210,57.975,69.95,92,133,339.25,524.2000000000003,687,911.174999999999,266,2025-03-09
PI,24,242.5,70,86.95,109,156.75,379.25,618,796,956.174999999999,359,2025-03-16
PI,25,263.5,70,88.95,113,171,415,648.2000000000003,869.6999999999994,1201.199999999999,327,2025-03-23
PI,26,291,80,100,124,188,460,704.1000000000001,890,1242.374999999998,397,2025-03-30
PI,27,317,90,111.95,135,205.75,491,767,1020.05,1303.0499999999997,364,2025-04-06
PI,28,325,86,109.95,146,214,521.25,816.4000000000005,1027.4999999999995,1355.3999999999978,324,2025-04-13
PI,29,342.5,94,117.95,146.9,227.75,524,843.2000000000003,1192.05,1595.7749999999958,384,2025-04-20
PI,30,344,98.97500000000001,116.95,148,221,546,817.3000000000004,1066.3999999999996,1482.1249999999993,294,2025-04-27
PI,31,342,95,117,150,218.75,540.25,819.3000000000004,1111,1360.2249999999988,347,2025-05-04
PI,32,326.5,91,114,145.9,212,506.25,788,1053.05,1341.1249999999993,298,2025-05-11
PI,33,299,87,106.95,134,198.75,467,732,957.3499999999997,1274.349999999998,197,2025-05-18
PI,34,270.5,79.975,100.95,129,180.75,434,681,901.0999999999999,1119.4749999999974,35,2025-05-25
PR,1,237.5,26,36,54,104,542.75,1252.5000000000007,2158.7499999999973,4376.924999999995,489,2024-10-06
PR,2,248,25.975,36.95,59,117,581,1365.3000000000004,2395.25,3875.1999999999935,540,2024-10-13
PR,3,286,29,41,63.900000000000006,125,646,1492.800000000001,2759.0499999999993,4454.749999999995,599,2024-10-20
PR,4,312,31,43,70.9,143,749,1788.1000000000001,3224.099999999998,5591.77499999999,668,2024-10-27
PR,5,344,36.975,54,80.9,157,791.75,1974.3000000000004,3442.4499999999985,5703.299999999982,623,2024-11-03
PR,6,377,40,61.95,95,169,934,2139.4000000000005,4139.35,7703.749999999969,667,2024-11-10
PR,7,416,51,67.95,106,205,969.25,2272.4000000000005,4032.049999999997,7983.774999999985,766,2024-11-17
PR,8,482.5,54.975,80,120,223.75,1113.25,2654.1000000000004,4899.65,7934.899999999994,756,2024-11-24
PR,9,514,59,79,118.9,239,1207.25,2918.4000000000087,5275.899999999997,9953.374999999975,776,2024-12-01
PR,10,601,72.975,93,141.9,276.75,1313.5,3172.3,6129.8499999999985,10020.549999999987,832,2024-12-08
PR,11,655,70.97500000000001,102.95,151.9,291.75,1436.25,3310.100000000003,5602.3499999999995,8680.674999999965,823,2024-12-15
PR,12,738,79.975,115.95,172.9,354,1742.5,3994.700000000002,7073.4999999999945,12423.374999999998,855,2024-12-22
PR,13,864.5,98.95000000000002,152.95,212.9,401.75,1923,4464.600000000002,7116.199999999995,11881.324999999986,1153,2024-12-29
PR,14,1041,103.975,155.8,230.9,492.75,2420.25,5557.9000000000015,10099.099999999995,16708.82499999996,1434,2025-01-05
PR,15,1284,137.975,211.95,296.9,578.75,2879.25,6600.0000000000055,11742.699999999992,19825.29999999996,1712,2025-01-12
PR,16,1521,174.925,246.90000000000003,396,724,3591,8286.900000000012,14497.899999999994,23594.574999999943,2084,2025-01-19
PR,17,1882,226.97500000000002,294.95000000000005,444.79999999999995,897,4247.25,9371.400000000005,18323.749999999996,30842.124999999985,2331,2025-01-26
PR,18,2319.5,254,361.84999999999997,515.9,1012,5211.25,11640.000000000016,19790.49999999999,36657.67499999994,2526,2025-02-02
PR,19,2596.5,287.975,428.9,637.5000000000001,1213.25,6106,14138.900000000001,24455.69999999999,36069.4999999998,3664,2025-02-09
PR,20,3049,309.82500000000005,470.90000000000003,690,1374.25,7270.5,16198.100000000002,27901.79999999999,42475.474999999984,4810,2025-02-16
PR,21,3481.5,441.925,581.8000000000001,834.8000000000001,1622.75,8154,18219.00000000003,36949.799999999996,61993.6249999998,5328,2025-02-23
PR,22,3788,405.90000000000003,602,905.5,1792.25,9236.25,21432.800000000007,35820.94999999996,56270.29999999962,6381,2025-03-02
PR,23,4248.5,475.975,655.65,1005.7,1970.25,10163,22857.50000000001,37946.84999999999,67238.42499999993,7466,2025-03-09
PR,24,4736.5,515.8249999999999,708.8,1119.9,2217.75,10934.5,26007.80000000002,40511.049999999996,81758.19999999994,8128,2025-03-16
PR,25,4866.5,566.975,875.95,1233.6,2321.5,11688,27834.600000000006,45262.85,81107.54999999987,8780,2025-03-23
PR,26,5065.5,668.5500000000001,850.95,1280,2376.25,12023.5,27237.300000000007,53016.5,89679.64999999998,9467,2025-03-30
PR,27,5305,584.875,809.5,1228.4,2377.25,12079,30343.700000000004,50319.549999999996,91879.09999999998,8537,2025-04-06
PR,28,5362,576.95,829.9000000000001,1202.9,2368.25,11388.5,27122.400000000012,45406.45,79675.92499999999,6849,2025-04-13
PR,29,4777,550.875,747.95,1121.4,2173.75,10532.75,26949.900000000005,45387.99999999999,77564.84999999985,7716,2025-04-20
PR,30,4195.5,503.975,671.85,1034.2,1949.5,9636.25,21889.300000000003,37684.75,68519.77499999985,6608,2025-04-27
PR,31,3553,439.925,608.8000000000001,888.6,1653.5,8464.5,18980.60000000002,32920.5,59770.574999999924,7192,2025-05-04
PR,32,2829,342,487.6,719.9,1308.25,6515,15312.000000000007,25692.499999999985,43170.774999999914,7016,2025-05-11
PR,33,2270,242.85000000000002,356.8,539,1040,5098.5,11987.800000000008,21799.699999999997,33080.24999999999,6518,2025-05-18
PR,34,1663,196.925,278,411.9,768,3829.75,9239.5,14169.5,27955.17499999986,2221,2025-05-25
RJ,1,92,3,7,12,33,258.5,705.3000000000004,1190,1935.574999999986,364,2024-10-06
RJ,2,94,4,7,13,31,260.25,664.6000000000008,1230.1,1849.2999999999984,333,2024-10-13
RJ,3,93.5,3,6,12,34,265.5,722.0000000000014,1312.6499999999985,2215.724999999996,412,2024-10-20
RJ,4,102,3,7,14,38,301.25,757.3000000000004,1358.3999999999996,2209.574999999997,388,2024-10-27
RJ,5,108.5,4,8,15,38,306.25,795,1470.5499999999995,2508.349999999998,421,2024-11-03
RJ,6,129.5,4,8,16,46,332,887,1569.1999999999998,2683.1499999999987,333,2024-11-10
RJ,7,125,5,9,16,46,382,972.8000000000038,1729.6999999999994,2899.324999999998,312,2024-11-17
RJ,8,151,5,9,17,52,403,1087.1000000000001,1906.4999999999995,3326.79999999999,377,2024-11-24
RJ,9,167.5,7,12,21.900000000000006,59,459,1187.4000000000005,1984.2499999999989,3706.0999999999885,392,2024-12-01
RJ,10,175,8,14,25.900000000000006,66,486.5,1342.500000000002,2176.7999999999993,3915.3999999999924,426,2024-12-08
RJ,11,201,8,14,26.900000000000006,71,561.25,1515.4000000000005,2494.2,4139.649999999974,330,2024-12-15
RJ,12,229.5,7,13.950000000000003,30,86.75,614,1776.0000000000014,3435.45,5895.624999999996,335,2024-12-22
RJ,13,261.5,12,20,36,95,764.5,2056.2000000000003,3774.599999999995,6019.199999999993,585,2024-12-29
RJ,14,281,11,20,39,101,829.75,2031.800000000001,4065.5499999999984,6609.324999999971,720,2025-01-05
RJ,15,326,14,24,43.900000000000006,120,932.25,2435.700000000001,4806.199999999997,7624.549999999981,762,2025-01-12
RJ,16,364,15,26,50,138,1066.75,2795.6000000000013,5190.499999999998,9259.474999999988,955,2025-01-19
RJ,17,423.5,17.975,29,54.900000000000006,147,1200.25,3099.300000000003,5686.4,10507.92499999999,1256,2025-01-26
RJ,18,464,19,34.95,58.900000000000006,155,1288.25,3437.300000000002,6649.199999999999,10782.174999999928,1832,2025-02-02
RJ,19,491.5,20,38.95,68,177,1381.5,3891.0000000000014,7538.449999999999,12576.599999999997,2164,2025-02-09
RJ,20,552.5,24,42.95,76,194.75,1486.75,3962.7000000000007,7838.799999999995,13213.499999999938,1824,2025-02-16
RJ,21,584,23.975,43.95,82,202.75,1586,4528,8525.999999999998,14583.649999999985,1273,2025-02-23
RJ,22,611.5,27.975,47.95,85,220,1758.25,4555.900000000003,8247.499999999995,13682.224999999999,1409,2025-03-02
RJ,23,693,29,48,88,221.75,1840.25,4841.5000000000055,9583.549999999997,15981.57499999997,1429,2025-03-09
RJ,24,697,24,46,92.9,250,2035.25,4999.100000000004,8812.349999999997,15951.04999999998,1397,2025-03-16
RJ,25,707.5,29.975,53,96,258.75,2024.75,5577.4000000000005,9711.849999999988,15315.124999999878,1243,2025-03-23
RJ,26,723,27.975,49,102.9,260.75,2171,5435.300000000001,10269.15,15514.274999999994,1469,2025-03-30
RJ,27,718,31.975,55,96.9,258,1978.75,5817.50000000001,10749.1,17726.474999999944,1516,2025-04-06
RJ,28,689.5,25,55,96,243,1913.25,5135.400000000011,9721.649999999998,16811.425,1232,2025-04-13
RJ,29,740,31,51,91,246.75,2024,5135.400000000006,10043.25,15809.149999999989,1369,2025-04-20
RJ,30,672.5,27.975,51,86,232,1855.5,4869.800000000001,9791.099999999995,17024.049999999956,1234,2025-04-27
RJ,31,598,24,45,84.9,217.75,1710.25,4680.800000000008,8324.199999999997,14366.84999999998,1361,2025-05-04
RJ,32,595.5,24,42,77,197,1595,4169.800000000001,7739.05,13572.599999999948,1178,2025-05-11
RJ,33,497,22,38.95,67,175,1487,3923.6000000000013,6510.799999999999,10614.42499999996,1019,2025-05-18
RJ,34,462.5,18.950000000000003,33,61,161.75,1264,3338.0000000000027,6412.5999999999995,11356.349999999982,362,2025-05-25
RN,1,117,14,23,34,63,218,391.10000000000014,571.2499999999998,810.0499999999997,125,2024-10-06
RN,2,107.5,13.975000000000001,19,29.900000000000006,55,203,377.10000000000014,523.05,752.2999999999984,116,2024-10-13
RN,3,95.5,15,19,29,53,182.25,358.10000000000014,507.0999999999999,697.549999999997,102,2024-10-20
RN,4,91,13,18,26,49,176,329.2000000000003,480.14999999999986,700.174999999999,140,2024-10-27
RN,5,85,12,17,24,45,162,307.10000000000014,437.04999999999995,675.1499999999992,117,2024-11-03
RN,6,79,10,16,23.900000000000006,44,157.25,287.10000000000014,423.0999999999999,567.0249999999999,97,2024-11-10
RN,7,79,10,14.950000000000003,21,41,151,271.10000000000014,440.1999999999998,612.3249999999982,94,2024-11-17
RN,8,76,9,13,20,38.75,144,265,392.04999999999995,545.2999999999984,115,2024-11-24
RN,9,73,8,13,22,38,146,270,400.04999999999995,624.374999999998,111,2024-12-01
RN,10,76,9,14,21,39,147,281.10000000000014,414.2499999999998,614.1999999999989,120,2024-12-08
RN,11,81.5,9.975000000000001,14,22,42,154.25,288.2000000000003,432.04999999999995,629.0499999999997,133,2024-12-15
RN,12,84,11,14.950000000000003,23,43.75,159,306.10000000000014,467.0999999999999,686,102,2024-12-22
RN,13,95,13,18,26,47.75,194,370.2000000000003,573.1999999999998,776,67,2024-12-29
RN,14,113,15,21,30,59,213,395.10000000000014,596.05,818.2749999999985,87,2025-01-05
RN,15,130,19.975,25,37,69,266,520,768.2499999999998,1194.5749999999969,102,2025-01-12
RN,16,157,21,29,44,82,306,564.4000000000005,831.0999999999999,1171.374999999998,129,2025-01-19
RN,17,195.5,27,36,53,97,379,717.1000000000001,1078.5999999999995,1577.0249999999999,125,2025-01-26
RN,18,229,30,41,62,117,443.5,838,1210.6999999999994,1935.899999999995,127,2025-02-02
RN,19,276,32.975,48,71,133,540,1002,1499.4499999999996,2134.5999999999967,149,2025-02-09
RN,20,320.5,42,62.95,91.9,165,590.25,1106.3000000000004,1672.05,2436.049999999994,164,2025-02-16
RN,21,362,45.975,62,97.9,183,664.5,1208.4000000000005,1860.05,2633.699999999996,166,2025-02-23
RN,22,375,58,74.95,107,188,702.5,1338.5000000000007,1938.3499999999997,2977.224999999993,159,2025-03-02
RN,23,411.5,50,77,115,214,776.25,1385,2202.5999999999995,3408.82499999999,254,2025-03-09
RN,24,410,52,81.9,121,226,799,1510.2000000000003,2378.2999999999997,3387.724999999996,244,2025-03-16
RN,25,424.5,59.975,88,124,228,830.5,1565.3000000000004,2168.2999999999997,2812.4249999999975,255,2025-03-23
RN,26,467.5,62,90,134,245.75,875,1610.1000000000001,2433,3400.1749999999993,307,2025-03-30
RN,27,472.5,62.975,93,137,249,914.75,1733.1000000000001,2601.499999999999,3725.1749999999993,338,2025-04-06
RN,28,489.5,72.975,96.95,136,254.75,886.75,1804.600000000005,2764.4999999999995,3558.0999999999885,295,2025-04-13
RN,29,487,66,92,132,255,961.25,1836.400000000002,2610,3434.2249999999985,432,2025-04-20
RN,30,486.5,61.975,82,126,249.75,937.5,1719.3000000000004,2507.7999999999993,3617.8749999999955,435,2025-04-27
RN,31,489.5,65,100.95,145.9,264.75,922,1753.1000000000001,2643.15,3568.3999999999924,495,2025-05-04
RN,32,473,65,94.95,129,237,916,1741.2000000000003,2552.5499999999993,3599.9499999999944,333,2025-05-11
RN,33,474.5,66.95000000000002,93,129,261,863.25,1659.3000000000018,2530.6999999999994,3707.9249999999784,257,2025-05-18
RN,34,435,67.975,88,133.9,238,859.25,1630.3000000000004,2436.8499999999995,3345.6749999999965,112,2025-05-25
RO,1,20,2,3,5,10,38,70.10000000000014,109.09999999999991,158.02499999999986,6,2024-10-06
RO,2,22,3,4,6,12,44,75,118.04999999999995,184.02499999999986,13,2024-10-13
RO,3,26,3,5,7,13,51,90,134,203,7,2024-10-20
RO,4,29,3,5,8,15,59,111,153,202.04999999999973,12,2024-10-27
RO,5,37,4,7,10,19,71,126,174.04999999999995,238.04999999999973,10,2024-11-03
RO,6,42,5,8,12,22,77,138,202,296.09999999999945,20,2024-11-10
RO,7,49,6,9,14,26,89,168,244.0999999999999,378.02499999999986,14,2024-11-17
RO,8,55,7,11,16.900000000000006,30,109,207,296.04999999999995,439.0499999999997,14,2024-11-24
RO,9,64,8,12,18,33,120,225.10000000000014,353,498.0499999999997,23,2024-12-01
RO,10,72,9,14,20,37,136,255.10000000000014,387.49999999999955,575.0249999999999,18,2024-12-08
RO,11,78,12,17,24,42,146,282.2000000000003,405.1999999999998,581.0249999999999,20,2024-12-15
RO,12,91,12.975000000000001,18.950000000000003,26,49,176,327,500.14999999999986,703.0249999999999,7,2024-12-22
RO,13,106,16,23,32,57,198.25,376.10000000000014,589.0999999999999,876.0749999999996,33,2024-12-29
RO,14,124,16,24,36,66,236,442.10000000000014,637.6999999999994,950.3249999999982,26,2025-01-05
RO,15,140,19,27,39,72,270,492.2000000000003,772.0999999999999,1004.174999999999,32,2025-01-12
RO,16,153.5,19,28,45.900000000000006,79,302,555.2000000000003,803.05,1249.8499999999954,60,2025-01-19
RO,17,166,24,33,48,86,323,571.4000000000005,854.4999999999995,1215.349999999998,96,2025-01-26
RO,18,170,22,33.95,52,90.75,333,618.2000000000003,929.1999999999998,1449.5499999999915,127,2025-02-02
RO,19,173,25,34,49.900000000000006,90.75,335,647.2000000000003,982.05,1477.5749999999969,72,2025-02-09
RO,20,180,25,34.95,48,90,339.25,659,945.6999999999994,1469.9499999999948,59,2025-02-16
RO,21,171,25,34,51,89,333,639.2000000000003,985.05,1424.2249999999988,109,2025-02-23
RO,22,160,23,30,45,84,308.25,611.2000000000003,932.3499999999997,1294.174999999999,161,2025-03-02
RO,23,151,21,27.950000000000003,43,76,292,566.1000000000001,825,1166.0999999999995,232,2025-03-09
RO,24,137,20.975,27.950000000000003,41,73,274.25,503.10000000000014,717.05,1011.4499999999921,369,2025-03-16
RO,25,122.5,18.975,24,34,63,235,456,727.049999999999,1097.0749999999996,328,2025-03-23
RO,26,110,16.975,23,32,57,212.25,413.10000000000014,616.0999999999999,886.2249999999988,167,2025-03-30
RO,27,104,17,22,30,55,193.25,355,546.3499999999997,856.2249999999988,90,2025-04-06
RO,28,88.5,12,18,26,46,172,325.10000000000014,494.2499999999998,771.2749999999985,115,2025-04-13
RO,29,84,12,16,23,43,164,304,444.0999999999999,659.0499999999997,133,2025-04-20
RO,30,75,10,14,22,39,140,267.10000000000014,389.1999999999998,582.0499999999997,169,2025-04-27
RO,31,67,8,13,19,35,128,226.10000000000014,339,480.02499999999986,158,2025-05-04
RO,32,57,7,11,17,31,112,209.10000000000014,316.14999999999986,457.0749999999996,119,2025-05-11
RO,33,53,9,11,16,28,103,189,289,444.0749999999996,45,2025-05-18
RO,34,49,6,10,14,26,98,181,251.19999999999982,379.02499999999986,9,2025-05-25
RR,1,4,0,0,0,1,11,27,43,69,13,2024-10-06
RR,2,3,0,0,0,1,10,24,40,60,5,2024-10-13
RR,3,3,0,0,0,1,9,24,39,61,5,2024-10-20
RR,4,4,0,0,0,1,10,22,40,62,6,2024-10-27
RR,5,3,0,0,0,1,9,21,34,61.024999999999864,5,2024-11-03
RR,6,3,0,0,0,1,9,22,37,57.024999999999864,4,2024-11-10
RR,7,3,0,0,0,1,9,23,37,54.04999999999973,2,2024-11-17
RR,8,3,0,0,0,1,8.25,20,33,47.024999999999864,3,2024-11-24
RR,9,3,0,0,0,1,8,20,31.049999999999955,49.024999999999864,4,2024-12-01
RR,10,3,0,0,0,1,8,18,31,51,4,2024-12-08
RR,11,3,0,0,0,1,7,19.100000000000136,32,46.024999999999864,3,2024-12-15
RR,12,3,0,0,0,1,8,17,28,46.024999999999864,2,2024-12-22
RR,13,3,0,0,0,1,7,18,28,45,3,2024-12-29
RR,14,2,0,0,0,1,7,18,31,48.024999999999864,3,2025-01-05
RR,15,2,0,0,0,1,7,17,30.049999999999955,45,4,2025-01-12
RR,16,3,0,0,0,1,7,17,28,47,6,2025-01-19
RR,17,3,0,0,0,1,7,18,31,47,7,2025-01-26
RR,18,2,0,0,0,1,7,18,30,44.04999999999973,5,2025-02-02
RR,19,3,0,0,0,1,8,17,29,48,9,2025-02-09
RR,20,3,0,0,0,1,7,17,30.049999999999955,50,5,2025-02-16
RR,21,2,0,0,0,1,8,19,33,53.024999999999864,10,2025-02-23
RR,22,3,0,0,0,1,8,18,31.049999999999955,45,11,2025-03-02
RR,23,3,0,0,0,1,7,17.100000000000136,30,50.024999999999864,10,2025-03-09
RR,24,3,0,0,0,1,8,18,31,45,9,2025-03-16
RR,25,3,0,0,0,1,7,17,30,44.024999999999864,5,2025-03-23
RR,26,3,0,0,0,1,8,18,30.049999999999955,51.024999999999864,10,2025-03-30
RR,27,3,0,0,0,1,8,20,36,58,14,2025-04-06
RR,28,3,0,0,0,1,8,17,31.049999999999955,49,21,2025-04-13
RR,29,3,0,0,0,1,8,21,31.049999999999955,50.024999999999864,19,2025-04-20
RR,30,3,0,0,0,1,9,21,34,52,25,2025-04-27
RR,31,3,0,0,0,1,9,20.100000000000136,35,55,23,2025-05-04
RR,32,3,0,0,0,1,9,21,38,62.024999999999864,21,2025-05-11
RR,33,3,0,0,0,1,9,22,40.049999999999955,62,28,2025-05-18
RR,34,3,0,0,0,1,9,21,38,61,14,2025-05-25
RS,1,11,0,1,2,5,30,87,181.04999999999995,358.2749999999985,99,2024-10-06
RS,2,11,0,1,2,4,28,82.10000000000014,170.39999999999964,358.0749999999996,122,2024-10-13
RS,3,11,0,1,2,5,29,86.10000000000014,177.0999999999999,470.02499999999986,123,2024-10-20
RS,4,12,0,1,2,4,32,96.10000000000014,204.04999999999995,419.52499999999714,134,2024-10-27
RS,5,13,1,1,2,6,34,97.10000000000014,203.0999999999999,387.0749999999996,144,2024-11-03
RS,6,16,1,2,3,6,42,116,262.04999999999995,583.3249999999982,126,2024-11-10
RS,7,19,1,2,3,7,49,154.10000000000014,331.8499999999992,831.0499999999997,99,2024-11-17
RS,8,22,1,2,4,9,56,180.20000000000027,394.14999999999986,792.549999999997,155,2024-11-24
RS,9,26,2,3,5,11,71,200.10000000000014,508.04999999999995,1004.2749999999985,130,2024-12-01
RS,10,31,2,4,6,12,80.25,235.10000000000014,497.0999999999999,1099.9499999999894,99,2024-12-08
RS,11,34,2,4,7,14,90,249.10000000000014,562.8499999999992,1093.1499999999992,95,2024-12-15
RS,12,37.5,2,4,7,16,98.25,289,637.0999999999999,1240.549999999997,84,2024-12-22
RS,13,42,3,5,8,18,111,303,793.4499999999996,1583.199999999999,149,2024-12-29
RS,14,49,4,6,9,20,131,374,802.4999999999995,1585.0749999999996,205,2025-01-05
RS,15,56,5,7,11,23,148.5,416.10000000000014,923.2999999999997,1885.7749999999903,222,2025-01-12
RS,16,69,5,8,13,28,188.25,570.4000000000005,1092.2999999999997,2211.174999999983,262,2025-01-19
RS,17,89,7,11,16,35,242.25,676.4000000000005,1432.3999999999996,2913.2749999999987,267,2025-01-26
RS,18,120,11,15,23,48,307,881.1000000000001,1862.6999999999985,3322.574999999997,319,2025-02-02
RS,19,160,14.975000000000001,21,32,68,413,1157.1000000000001,2365.6999999999985,4807.449999999975,471,2025-02-09
RS,20,228,19,29,48.900000000000006,92,585.5,1755.3000000000004,3862.45,8290.049999999994,736,2025-02-16
RS,21,317.5,28,38,59.900000000000006,124,826,2324.1000000000004,5001.049999999999,10280.299999999992,943,2025-02-23
RS,22,408,35.975,54.95,82,171,1056.25,3109.300000000002,7316.999999999998,13769.224999999999,1266,2025-03-02
RS,23,531.5,45.975,70.95,106,222.75,1412.25,4426.4000000000005,10301.499999999993,18012.299999999992,2282,2025-03-09
RS,24,730,63.975,86.95,137,298,1881.5,5689.600000000006,12386.549999999996,25644.999999999935,2930,2025-03-16
RS,25,854.5,77,115,171,349,2355.75,6814.1000000000095,14130.249999999989,31472.674999999912,5033,2025-03-23
RS,26,967,83.975,125.95,189,415.75,2599.25,7144.700000000006,14667.99999999998,34933.57499999998,7336,2025-03-30
RS,27,1046,91.975,131,191,406,3019.5,8491.400000000001,17283.2,35453.64999999978,7368,2025-04-06
RS,28,1024,87.95,123.95,195.9,423.5,2877.25,9399.800000000017,20590.049999999992,42614.77499999997,7517,2025-04-13
RS,29,1028,85.975,120.95,186.9,391,2859.25,8638.900000000001,17963.749999999996,37992.324999999895,9441,2025-04-20
RS,30,824.5,72.94999999999999,106,154.9,340.75,2265.25,7005.6,15094.149999999965,31247.749999999975,8327,2025-04-27
RS,31,638.5,61,82.95,127,262,1851,5254.900000000005,13847.55,29199.14999999999,8571,2025-05-04
RS,32,500,35.975,57,93,192.75,1326.75,4030.1000000000004,8573.799999999996,20314.124999999996,8930,2025-05-11
RS,33,341,27.975,40.95,63,140,883,3025.6000000000004,6448.249999999999,14310.774999999947,7826,2025-05-18
RS,34,237,20,29.950000000000003,47,98.75,642,2078.0000000000027,4121.299999999999,11515.974999999919,2500,2025-05-25
SC,1,25,1,2,4,10,75,238.10000000000014,564.0999999999999,1061.0249999999999,139,2024-10-06
SC,2,25,1,2,4,10,78,234,603.1499999999999,1247.1499999999937,141,2024-10-13
SC,3,24.5,1,2,4,10,73,211,467.1999999999998,1003.5749999999969,143,2024-10-20
SC,4,28,1,2.950000000000003,5,11,83,260.10000000000014,595.0999999999999,1172.299999999993,176,2024-10-27
SC,5,31,2,3,5,12,89,295.10000000000014,666.05,1409.4999999999973,179,2024-11-03
SC,6,35,2,3,6,15,107,376.10000000000014,828.049999999999,2001.1249999999993,185,2024-11-10
SC,7,44,3,4.950000000000003,8,18,133.25,401.10000000000014,916,1814.299999999993,187,2024-11-17
SC,8,51,3,5,9,20,154.25,468.5000000000007,965.7499999999993,2348.2499999999877,164,2024-11-24
SC,9,61,4,5.950000000000003,10,23,168.25,553.7000000000023,1344.6999999999994,2783.224999999988,283,2024-12-01
SC,10,72,4,7,13,29,206.25,668,1664.5499999999977,3865.299999999993,393,2024-12-08
SC,11,79,5,9,14,31,229,812.200000000003,1819.4999999999995,3816.0249999999996,310,2024-12-15
SC,12,85.5,6.975000000000001,9,16,36,258.25,817.3000000000004,1983.2499999999989,3905.9749999999785,390,2024-12-22
SC,13,97,6,10,17,37,310.25,876.700000000001,2052.4999999999977,4725.249999999999,476,2024-12-29
SC,14,106.5,7,11,19,41,339,1198.1000000000001,2822.399999999995,6183.799999999985,459,2025-01-05
SC,15,119,8,12,21,47,370.25,1249.9000000000012,3080.749999999999,5913.774999999941,467,2025-01-12
SC,16,136,10,16,26,56,459,1472.700000000001,3452.0499999999947,7985.0999999999995,513,2025-01-19
SC,17,176.5,11,19,29.900000000000006,67,572.5,1879.2000000000016,4404.949999999995,10228.549999999987,511,2025-01-26
SC,18,219.5,17,24,38,87,625,1985.2000000000003,4811.049999999998,10913.174999999994,476,2025-02-02
SC,19,279.5,19,30,50,107,929,2869.600000000005,7752.999999999993,16138.824999999979,492,2025-02-09
SC,20,367.5,28.975,43,65,139,1108.25,3505.4000000000005,7982.24999999999,22623.39999999998,644,2025-02-16
SC,21,481.5,36.975,55.95,85,182,1379.75,4451.200000000006,11015.049999999988,27986.899999999892,669,2025-02-23
SC,22,589.5,45.975,68,103,227,1760,6142.400000000007,15200.849999999999,37563.72499999985,851,2025-03-02
SC,23,758.5,53,91,131,285.75,2375.25,8128.500000000004,16549.549999999996,38610.82499999964,1138,2025-03-09
SC,24,906.5,66.97500000000001,98.95,157.70000000000002,364.5,3004.75,9904.300000000007,22394.39999999999,65274.44999999977,1335,2025-03-16
SC,25,1168.5,84,125,193,449.75,3747.75,11695.800000000005,27852.549999999996,58367.149999999965,1495,2025-03-23
SC,26,1345,101.95,143,229,519,4394.25,15201.900000000009,34643.74999999998,85786.14999999959,2027,2025-03-30
SC,27,1558,111.975,171,262,593,4446.5,18141,45513.149999999994,114775.92499999866,2125,2025-04-06
SC,28,1600,121.95,173.9,288.9,612.75,4991.75,19681.30000000001,48646.49999999997,118192.14999999967,2023,2025-04-13
SC,29,1609.5,128,186.90000000000003,296,647,5259.25,18529.00000000001,45787.700000000004,144477.29999999917,2443,2025-04-20
SC,30,1622.5,114.95000000000002,160.89999999999998,260.9,586.25,5001.75,17277.100000000024,43644.54999999999,102942.12499999999,2177,2025-04-27
SC,31,1369,90.97500000000001,145,239.9,512.75,4469.25,16628.4,45413.549999999996,132692.0499999992,2555,2025-05-04
SC,32,1126.5,82,127,193.9,415.5,3719,13624.800000000028,34712.45,76352.47499999922,2652,2025-05-11
SC,33,888.5,65.975,92,153,339.75,3069.5,10993.20000000001,28978.29999999999,74897.94999999994,2640,2025-05-18
SC,34,731,47.975,70.95,120,261,2386.75,9169.50000000004,23467.54999999998,62726.74999999982,1581,2025-05-25
SE,1,28,1,2,3.9000000000000057,11,73,163,275,425.0499999999997,13,2024-10-06
SE,2,30,1,1,3,10,74,165,284,497.02499999999986,18,2024-10-13
SE,3,29,0,2,4,10,78,166.10000000000014,272.0999999999999,443,10,2024-10-20
SE,4,29,1,2,4,11,68,149.10000000000014,247.0999999999999,403,11,2024-10-27
SE,5,28,0,1,3,10,68.25,153,278,478.1999999999989,17,2024-11-03
SE,6,28,1,1.9500000000000028,3,10,72,155,272.0999999999999,423.02499999999986,7,2024-11-10
SE,7,25,0,1,3,9,66.25,147,256.1999999999998,404.1499999999992,9,2024-11-17
SE,8,23,0,1,3,8,56,128,217.04999999999995,355.3249999999982,11,2024-11-24
SE,9,21,0,1,2,7,50,118,191.04999999999995,284.0499999999997,10,2024-12-01
SE,10,17,0,1,2,6,43,100,165.04999999999995,275.02499999999986,7,2024-12-08
SE,11,15,0,1,2,6,39.25,95,160.04999999999995,246.04999999999973,4,2024-12-15
SE,12,14,0,0,1,5,38,84,144.14999999999986,234.3499999999981,7,2024-12-22
SE,13,13.5,0,1,2,5,37,86,148,216.02499999999986,12,2024-12-29
SE,14,13,0,1,1,4,35,76.10000000000014,124,224.02499999999986,9,2025-01-05
SE,15,14,0,0,2,5,34.25,81,131.14999999999986,221.04999999999973,6,2025-01-12
SE,16,14,0,0,1,5,36.25,86,137.04999999999995,231.24999999999864,9,2025-01-19
SE,17,15,0,0,1,6,39,89.10000000000014,141,247.02499999999986,13,2025-01-26
SE,18,16,0,1,2,6,39,91,140.0999999999999,245.12499999999932,14,2025-02-02
SE,19,15.5,0,1,2,6,40,95.10000000000014,161.04999999999995,237.09999999999945,18,2025-02-09
SE,20,18,0,1,2,6,44,102,187.04999999999995,306.1249999999993,12,2025-02-16
SE,21,18,0,1,2,6,49.25,107.10000000000014,185.14999999999986,278,12,2025-02-23
SE,22,19,0,1,2,7,46,98,172,264.2749999999985,11,2025-03-02
SE,23,20,0,1,2,7,52,112,201,323.1999999999989,14,2025-03-09
SE,24,20,0,1,2,7,52,127,200.04999999999995,331,18,2025-03-16
SE,25,22,0,1,3,8,57,127,216.04999999999995,369,19,2025-03-23
SE,26,23,0,1,2.9000000000000057,8,57,136,242.34999999999968,391,42,2025-03-30
SE,27,25,0.9750000000000014,1,3,9,67,150,260.04999999999995,409.02499999999986,43,2025-04-06
SE,28,28,0,1,3,9,64.25,151,250.0999999999999,415,45,2025-04-13
SE,29,27,1,1,3,9,71,166,269.2499999999998,436.6249999999966,71,2025-04-20
SE,30,31,0,1,3,10,79,175,292,482.1499999999992,73,2025-04-27
SE,31,33,1,2,4,12,87,200.10000000000014,327.14999999999986,496.17499999999905,78,2025-05-04
SE,32,37,1,2,5,14,95,208.10000000000014,353.04999999999995,565.1249999999993,80,2025-05-11
SE,33,38,1,2,4,14,100,234,392,638.0999999999995,80,2025-05-18
SE,34,43,1,3,6,15,109,252,435.0999999999999,636.0249999999999,19,2025-05-25
SP,1,993.5,316,372.95,463.9,649,1716.25,3219.600000000002,4856.949999999999,6632.999999999984,2801,2024-10-06
SP,2,1024,331.95000000000005,406.95000000000005,488,675,1714.5,3057.1000000000013,5045.249999999999,7172.249999999993,3148,2024-10-13
SP,3,1065.5,342.97499999999997,405,492.9,723.75,1832.25,3378.3000000000056,5139.999999999998,7558.049999999988,3066,2024-10-20
SP,4,1159,351.95,433,525,758.75,1928.5,3635,5557.749999999999,8516.474999999993,3388,2024-10-27
SP,5,1240,376.975,448.95,577.6999999999999,840.75,2104.25,3666.600000000005,5816.5,9193.724999999997,3410,2024-11-03
SP,6,1342,421.975,500.95,609.9,867,2216.5,4140.100000000002,6432.949999999992,10538.324999999988,3854,2024-11-10
SP,7,1454.5,461.975,548.95,675.9,956.75,2558,4661.500000000007,7293.999999999996,12085.974999999995,4800,2024-11-17
SP,8,1572.5,507,584,738,1025,2735.5,4981.4000000000005,7628.8499999999985,11102.799999999947,5494,2024-11-24
SP,9,1752.5,577.875,672.95,819.9,1128.75,3049.5,5497.300000000002,8342.599999999999,12683.874999999996,7020,2024-12-01
SP,10,1958.5,593.6500000000001,713.9499999999999,873.9,1256,3416.25,6317.200000000004,9324.549999999994,14534.849999999902,8914,2024-12-08
SP,11,2244.5,600.9499999999999,780.9,994,1424,3728.25,6811.600000000008,10371.949999999997,16918.74999999995,9136,2024-12-15
SP,12,2533,764.85,922.95,1170.9,1644.5,4192.5,7573.300000000006,11811.549999999997,18337.32499999997,10964,2024-12-22
SP,13,3043,905.95,1107.85,1388,1958.5,5087.25,9454.500000000004,15131.899999999996,22892.524999999994,19615,2024-12-29
SP,14,3779,1147.9499999999998,1348,1688.0000000000002,2421.75,6615.5,11845.300000000007,20223.35,28572.999999999956,24071,2025-01-05
SP,15,4576.5,1465.9750000000001,1692.9,2087.7,2987.5,7869,14518.400000000001,22482.499999999996,33769.24999999992,28033,2025-01-12
SP,16,5609,1735.95,2007.4,2485.8,3524,9423.5,17844.600000000017,26525.149999999998,38330.72499999994,33655,2025-01-19
SP,17,6784,2043.7749999999999,2424.75,2933.6,4286,11570.25,21743.500000000007,33773.24999999999,47239.24999999996,37750,2025-01-26
SP,18,7824,2280.6749999999997,2685.2000000000003,3371.8,4955.75,13801.75,24571.100000000002,37877.89999999998,55144.22499999991,36926,2025-02-02
SP,19,8838,2706.625,3229.9,3901.2,5648,15069.5,26956.500000000015,42573.349999999984,68424.2249999999,42357,2025-02-09
SP,20,10534.5,3231.7749999999996,3846,4716.3,6698.5,17025,30696.900000000023,47158.64999999998,78436.94999999998,47113,2025-02-16
SP,21,11408.5,3510.875,4119.75,5180.3,7381.25,19156.75,35999.000000000044,53769.29999999996,76462.82499999998,49131,2025-02-23
SP,22,12603.5,3912.975,4685,5670.7,7924.5,21386.25,37370.70000000001,59705.45,95330.97499999976,54900,2025-03-02
SP,23,13830.5,4487.65,5179.4,6462.9000000000005,9068.25,23162.25,41532.90000000001,63217.24999999998,90053.99999999988,58979,2025-03-09
SP,24,14905.5,4654.925,5495,6444.7,9783.5,25101.25,46347.4000000001,68390.4,105030.97499999945,60474,2025-03-16
SP,25,16275,5175.7,6160.2,7494.4,10696.75,27459.75,49636.80000000005,81049.34999999996,121271.72499999973,54648,2025-03-23
SP,26,16940,5436.700000000001,6573,7844.2,10928.75,27885,51243.700000000004,83125.4,122389.67499999993,52158,2025-03-30
SP,27,17833.5,5669.625,6732.6,8015.1,11322,29777.75,54687.4,84330.54999999997,133862.12499999977,46191,2025-04-06
SP,28,17625.5,5481.925,6652.2,8003.3,11828,29526.25,54959.10000000002,85021.69999999998,124910.32499999994,38213,2025-04-13
SP,29,17702.5,5343.9749999999995,6355.2,7872.5999999999995,11447,29677,52887.90000000006,82889.44999999997,112962.3249999999,39231,2025-04-20
SP,30,15908.5,5055.875,6027,7225.3,10391.25,25738.25,46437.1,76025.6,120924.37499999987,32553,2025-04-27
SP,31,14509,4613.75,5328.8499999999995,6536.3,9118,23195.25,39884.9,63077.649999999994,101584.47499999993,30041,2025-05-04
SP,32,11751.5,3684.2000000000003,4439.4000000000005,5422.1,7723,19516,35623.1,52801.24999999999,81403.12499999981,24348,2025-05-11
SP,33,9523,3105.95,3639.4,4341.8,6232.25,15920.75,29406.20000000001,43466.499999999956,65905.12499999999,17902,2025-05-18
SP,34,7458.5,2339,2781.75,3371.3,4875.5,12523.25,21313.4,33135.29999999999,51473.89999999998,5461,2025-05-25
TO,1,27,4,6,9,15,49,81,114.04999999999995,156.12499999999932,5,2024-10-06
TO,2,32,5,7,10,18,57,95,134,175.02499999999986,7,2024-10-13
TO,3,35.5,6,9,12,21,64,112,152,201.02499999999986,14,2024-10-20
TO,4,43,7,10,14,25,76,133,191,255.09999999999945,10,2024-10-27
TO,5,52,10,13,18,30,90,157,216.0999999999999,283,14,2024-11-03
TO,6,59.5,11,14.950000000000003,21,34,105,189.10000000000014,256.04999999999995,391.09999999999945,13,2024-11-10
TO,7,71,12.975000000000001,17,24,41,127,216.10000000000014,310,417.02499999999986,29,2024-11-17
TO,8,85,16,22,28,47,151,254,372,491.3999999999978,18,2024-11-24
TO,9,91.5,17,22,30,52,167,290,386.04999999999995,538.0249999999999,21,2024-12-01
TO,10,92,18,24,33.900000000000006,54,174.25,302.10000000000014,411.04999999999995,576.0249999999999,30,2024-12-08
TO,11,103.5,20,26,36,60,174,307.3000000000004,456.0999999999999,654.374999999998,16,2024-12-15
TO,12,110,20,26,37,62,200,340.10000000000014,471.14999999999986,657.0749999999996,18,2024-12-22
TO,13,118,21,30,42,69,217,401.10000000000014,549.4999999999995,784.0999999999995,31,2024-12-29
TO,14,139,27,36,48,79,243.25,440.3000000000004,635.3499999999997,875.0249999999999,60,2025-01-05
TO,15,159,30,39,53,88,264.5,461.2000000000003,631.0999999999999,828.0249999999999,57,2025-01-12
TO,16,169,32,44,60,100,294,496,735.0999999999999,1102.0749999999996,98,2025-01-19
TO,17,181,36,46,65,106.75,314.25,552,768.0999999999999,1114.174999999999,85,2025-01-26
TO,18,193.5,38,48,70,116,341.25,579.1000000000001,782,1059.6749999999963,99,2025-02-02
TO,19,205,40.95,51,70,114,361.25,598.1000000000001,855.3999999999996,1108,159,2025-02-09
TO,20,204,38,53,72,121,358.5,609.1000000000001,845.3499999999997,1204.8499999999954,129,2025-02-16
TO,21,213,42.975,55,74.9,120,346,591.1000000000001,871.05,1122.0499999999997,95,2025-02-23
TO,22,211,44,56,75,125,360,646.2000000000003,874.5999999999995,1114.1249999999993,99,2025-03-02
TO,23,210,45,59,75,123,366,621.3000000000004,848.0999999999999,1213.6749999999963,99,2025-03-09
TO,24,210,45.975,57,76,124,366,630.1000000000001,888.05,1179.899999999995,112,2025-03-16
TO,25,214.5,43.975,58,78,127,381.25,632,868,1131.199999999999,85,2025-03-23
TO,26,210,44,56,77,128.75,361,593,850,1156.6999999999962,157,2025-03-30
TO,27,214,40.975,55.95,76,123,370,635,877.1499999999999,1209.0499999999997,157,2025-04-06
TO,28,206,42,55,74,120,362,610,874.0999999999999,1208.3249999999982,227,2025-04-13
TO,29,206,38.975,53.95,74,123,358.25,585.1000000000001,777.7499999999993,1069.1499999999992,271,2025-04-20
TO,30,191.5,38.975,51,68,111,320.25,533.3000000000004,785.0999999999999,1089.0249999999999,315,2025-04-27
TO,31,174.5,34,45,59.900000000000006,100,290,501.2000000000003,681,1035.1249999999993,329,2025-05-04
TO,32,160,28.975,40,53.900000000000006,91,279,467.10000000000014,629.2499999999998,809.0749999999996,340,2025-05-11
TO,33,132.5,25.975,34,47,75,239,409.10000000000014,547.3499999999997,721.0749999999996,238,2025-05-18
TO,34,113,20,28,40,67,197,329.10000000000014,449.14999999999986,651.0499999999997,116,2025-05-25
